75e4b855a8b793b7295f2a6d1c7ac9fd,S33,1100,20160701,124559,48062900,2,0,e67da53e64ee10168a14d5b1bf44cdda,75e4b855a8b793b7295f2a6d1c7ac9fd
75e4b855a8b793b7295f2a6d1c7ac9fd,S33,100,20160701,173919,48062900,2,0,e4271157996742ee32b1bcf6da5de1f1,75e4b855a8b793b7295f2a6d1c7ac9fd
75e4b855a8b793b7295f2a6d1c7ac9fd,S33,35000,20160701,153355,48062900,2,0,4271ff39e2a7101fe4c26b368a1d84c0,75e4b855a8b793b7295f2a6d1c7ac9fd
75e4b855a8b793b7295f2a6d1c7ac9fd,S33,30000,20160701,151033,48062900,2,0,a6cc25c5059ff8dbf2eaff3fdfa00986,75e4b855a8b793b7295f2a6d1c7ac9fd
75e4b855a8b793b7295f2a6d1c7ac9fd,S33,1000,20160701,100636,48062900,2,0,31ca34ee1935b70cc54cc40411354dab,75e4b855a8b793b7295f2a6d1c7ac9fd
75e4b855a8b793b7295f2a6d1c7ac9fd,S33,1000,20160701,100328,48062900,2,0,e14b039c2352734ebca1b2b1250f06eb,75e4b855a8b793b7295f2a6d1c7ac9fd
48357f8253b305036122f866c3e20a27,S33,100,20160701,95601,48062900,2,0,e862b6f96737c8a2a68ae907b15c397f,48357f8253b305036122f866c3e20a27
75e4b855a8b793b7295f2a6d1c7ac9fd,S33,300,20160701,161342,48062900,2,0,f9f1d57d6032fd58ccf06c800ee5036a,75e4b855a8b793b7295f2a6d1c7ac9fd
75e4b855a8b793b7295f2a6d1c7ac9fd,S33,26000,20160701,151611,48062900,2,0,3d13b52c4dc8fa8c6d93a201d93deca5,75e4b855a8b793b7295f2a6d1c7ac9fd
75e4b855a8b793b7295f2a6d1c7ac9fd,S33,500,20160701,85745,48062900,2,0,d002d0af5e3d76a0bb66350a7f0f52ae,75e4b855a8b793b7295f2a6d1c7ac9fd
75e4b855a8b793b7295f2a6d1c7ac9fd,S33,500,20160701,101838,48062900,2,0,38d7cca58973f4fd0af0d6b8df417109,75e4b855a8b793b7295f2a6d1c7ac9fd
75e4b855a8b793b7295f2a6d1c7ac9fd,S33,1000,20160701,141640,48062900,2,0,404da2d2e783e17dab6c8f0d89aaf80d,75e4b855a8b793b7295f2a6d1c7ac9fd
5a94bc9e25a6cbc95dad68fd97052d2d,S33,500,20160701,95822,48062900,2,0,cdfa4b74d5255cf9e1ff93ba45c2ea7c,5a94bc9e25a6cbc95dad68fd97052d2d
5a94bc9e25a6cbc95dad68fd97052d2d,S33,500,20160701,101511,48062900,2,0,1c4e5b993282b4a9e08cbf38f49920fe,5a94bc9e25a6cbc95dad68fd97052d2d
75e4b855a8b793b7295f2a6d1c7ac9fd,S33,50000,20160701,150001,48062900,2,0,a3f9466734601d8716a419174c803107,75e4b855a8b793b7295f2a6d1c7ac9fd
75e4b855a8b793b7295f2a6d1c7ac9fd,S33,52000,20160701,151353,48062900,2,0,9f01c6f07efa2c5d3f75bf63a59dbeeb,75e4b855a8b793b7295f2a6d1c7ac9fd
75e4b855a8b793b7295f2a6d1c7ac9fd,S33,500,20160701,85730,48062900,2,0,9c0d73ce66aeac4cafb35f9cdf865974,75e4b855a8b793b7295f2a6d1c7ac9fd
75e4b855a8b793b7295f2a6d1c7ac9fd,S33,40000,20160701,153440,48062900,2,0,66043e4458646b7b3041f6f034994c23,75e4b855a8b793b7295f2a6d1c7ac9fd
75e4b855a8b793b7295f2a6d1c7ac9fd,S33,300,20160701,153034,48062900,2,0,77a49444302091accf95f8495718a987,75e4b855a8b793b7295f2a6d1c7ac9fd
75e4b855a8b793b7295f2a6d1c7ac9fd,S33,300,20160701,160446,48062900,2,0,fc8e900a141abe9c721774da4a8f0bdf,75e4b855a8b793b7295f2a6d1c7ac9fd
75e4b855a8b793b7295f2a6d1c7ac9fd,S33,30000,20160701,152750,48062900,2,0,e66ce38aec0474b9f86cfaaa07d44c6d,75e4b855a8b793b7295f2a6d1c7ac9fd
75e4b855a8b793b7295f2a6d1c7ac9fd,S33,300,20160701,153942,48062900,2,0,842983a5b63ac5928e36a6abbcd3c269,75e4b855a8b793b7295f2a6d1c7ac9fd
75e4b855a8b793b7295f2a6d1c7ac9fd,S33,300,20160701,154052,48062900,2,0,38d7cca58973f4fd0af0d6b8df417109,75e4b855a8b793b7295f2a6d1c7ac9fd
75e4b855a8b793b7295f2a6d1c7ac9fd,S33,1200,20160701,124052,48062900,2,0,f9f1d57d6032fd58ccf06c800ee5036a,75e4b855a8b793b7295f2a6d1c7ac9fd
75e4b855a8b793b7295f2a6d1c7ac9fd,S33,1000,20160701,141529,48062900,2,0,9ce201e5f7021d7bda78fd909996b655,75e4b855a8b793b7295f2a6d1c7ac9fd
04c2bec8b7836db6c0b4cefd20aabdee,S33,500,20160701,151106,48062900,2,0,586f5a20b4a17f7b21b76396c30d329c,04c2bec8b7836db6c0b4cefd20aabdee
69a747a85aed6e74aa2c73383b0e0028,S33,300,20160701,135421,48062900,2,0,432f8e47a4474ba464ea8ce657e92f55,69a747a85aed6e74aa2c73383b0e0028
75e4b855a8b793b7295f2a6d1c7ac9fd,S33,45000,20160701,153643,48062900,2,0,3d0d4156a10300e942915afcb08f943e,75e4b855a8b793b7295f2a6d1c7ac9fd
75e4b855a8b793b7295f2a6d1c7ac9fd,S33,1000,20160701,101425,48062900,2,0,b8e9341a2142e67a17061ccf2feae771,75e4b855a8b793b7295f2a6d1c7ac9fd
75e4b855a8b793b7295f2a6d1c7ac9fd,S33,1000,20160701,141708,48062900,2,0,f4e5e0f0ba9f6a8e0c7d336eaf0b134e,75e4b855a8b793b7295f2a6d1c7ac9fd
75e4b855a8b793b7295f2a6d1c7ac9fd,S33,1100,20160701,124001,48062900,2,0,1c4e5b993282b4a9e08cbf38f49920fe,75e4b855a8b793b7295f2a6d1c7ac9fd
75e4b855a8b793b7295f2a6d1c7ac9fd,S33,500,20160701,112028,48062900,2,0,e4271157996742ee32b1bcf6da5de1f1,75e4b855a8b793b7295f2a6d1c7ac9fd
75e4b855a8b793b7295f2a6d1c7ac9fd,S33,1100,20160701,124410,48062900,2,0,e4271157996742ee32b1bcf6da5de1f1,75e4b855a8b793b7295f2a6d1c7ac9fd
d7759a71b8ba7b10721558a467a53bb5,S33,500,20160701,141404,48062900,2,0,586f5a20b4a17f7b21b76396c30d329c,d7759a71b8ba7b10721558a467a53bb5
75e4b855a8b793b7295f2a6d1c7ac9fd,S33,300,20160701,160335,48062900,2,0,c2c49e7577e23b536754031cb1e3e782,75e4b855a8b793b7295f2a6d1c7ac9fd
75e4b855a8b793b7295f2a6d1c7ac9fd,S33,500,20160701,101938,48062900,2,0,e66ce38aec0474b9f86cfaaa07d44c6d,75e4b855a8b793b7295f2a6d1c7ac9fd
75e4b855a8b793b7295f2a6d1c7ac9fd,S33,1000,20160701,100513,48062900,2,0,2353fa8f746416aeff9bc23f0111f32d,75e4b855a8b793b7295f2a6d1c7ac9fd
586f5a20b4a17f7b21b76396c30d329c,S33,200,20160701,152924,48062900,2,0,5c1b20ff5bb24adc3e43edb8a7eff8b9,586f5a20b4a17f7b21b76396c30d329c
17945d8adb8f53b23b3f2bfbe4740e4f,S33,500,20160701,101035,48062900,2,0,a493b849c9d0f063b0f885e87900768c,17945d8adb8f53b23b3f2bfbe4740e4f
75e4b855a8b793b7295f2a6d1c7ac9fd,S33,1100,20160701,124538,48062900,2,0,c2c49e7577e23b536754031cb1e3e782,75e4b855a8b793b7295f2a6d1c7ac9fd
75e4b855a8b793b7295f2a6d1c7ac9fd,S33,1300,20160701,140117,48062900,2,0,3d0d4156a10300e942915afcb08f943e,75e4b855a8b793b7295f2a6d1c7ac9fd
75e4b855a8b793b7295f2a6d1c7ac9fd,S33,300,20160701,153913,48062900,2,0,c178b40f22b8c1ec32029bd755e912e9,75e4b855a8b793b7295f2a6d1c7ac9fd
9452052d5a338c811050e4a8663258b8,S33,500,20160701,84026,48062900,2,0,1dd026b547e50002d5cc44de26aaca40,9452052d5a338c811050e4a8663258b8
75e4b855a8b793b7295f2a6d1c7ac9fd,S33,27000,20160701,155300,48062900,2,0,9aca2e240506a23bc4f82998dbf33717,75e4b855a8b793b7295f2a6d1c7ac9fd
75e4b855a8b793b7295f2a6d1c7ac9fd,S33,50000,20160701,145648,48062900,2,0,cdfa4b74d5255cf9e1ff93ba45c2ea7c,75e4b855a8b793b7295f2a6d1c7ac9fd
75e4b855a8b793b7295f2a6d1c7ac9fd,S33,300,20160701,154117,48062900,2,0,6cf07546f9278b5fd00caa0319507f20,75e4b855a8b793b7295f2a6d1c7ac9fd
75e4b855a8b793b7295f2a6d1c7ac9fd,S33,300,20160701,160401,48062900,2,0,c2c49e7577e23b536754031cb1e3e782,75e4b855a8b793b7295f2a6d1c7ac9fd
75e4b855a8b793b7295f2a6d1c7ac9fd,S33,1000,20160701,100842,48062900,2,0,31ca34ee1935b70cc54cc40411354dab,75e4b855a8b793b7295f2a6d1c7ac9fd
75e4b855a8b793b7295f2a6d1c7ac9fd,S33,45000,20160701,153712,48062900,2,0,9ce201e5f7021d7bda78fd909996b655,75e4b855a8b793b7295f2a6d1c7ac9fd
75e4b855a8b793b7295f2a6d1c7ac9fd,S33,300,20160701,160734,48062900,2,0,9aca2e240506a23bc4f82998dbf33717,75e4b855a8b793b7295f2a6d1c7ac9fd
75e4b855a8b793b7295f2a6d1c7ac9fd,S33,1100,20160701,124941,48062900,2,0,842983a5b63ac5928e36a6abbcd3c269,75e4b855a8b793b7295f2a6d1c7ac9fd
75e4b855a8b793b7295f2a6d1c7ac9fd,S33,300,20160701,160317,48062900,2,0,e474853b6519d86d41e64cf95187126d,75e4b855a8b793b7295f2a6d1c7ac9fd
75e4b855a8b793b7295f2a6d1c7ac9fd,S33,200,20160701,173903,48062900,2,0,35f191143583484798553db4ec4dd31b,75e4b855a8b793b7295f2a6d1c7ac9fd
75e4b855a8b793b7295f2a6d1c7ac9fd,S33,500,20160701,85713,48062900,2,0,71049400aaaa01e79883dfa5fe3fe413,75e4b855a8b793b7295f2a6d1c7ac9fd
75e4b855a8b793b7295f2a6d1c7ac9fd,S33,30000,20160701,152815,48062900,2,0,35f191143583484798553db4ec4dd31b,75e4b855a8b793b7295f2a6d1c7ac9fd
75e4b855a8b793b7295f2a6d1c7ac9fd,S33,40000,20160701,152051,48062900,2,0,d4e94f3aab5f51dbd236117825b225ea,75e4b855a8b793b7295f2a6d1c7ac9fd
586f5a20b4a17f7b21b76396c30d329c,S33,200,20160701,152938,48062900,2,0,d0dd23a114a1cd8dcf29dd3c9974b1a1,586f5a20b4a17f7b21b76396c30d329c
75e4b855a8b793b7295f2a6d1c7ac9fd,S33,27000,20160701,155329,48062900,2,0,a69f9c94e40bcd41de4754f8c0f5a843,75e4b855a8b793b7295f2a6d1c7ac9fd
75e4b855a8b793b7295f2a6d1c7ac9fd,S33,1000,20160701,100541,48062900,2,0,958becc4851393170284e693c4cdfe20,75e4b855a8b793b7295f2a6d1c7ac9fd
75e4b855a8b793b7295f2a6d1c7ac9fd,S33,27000,20160701,155236,48062900,2,0,f4e5e0f0ba9f6a8e0c7d336eaf0b134e,75e4b855a8b793b7295f2a6d1c7ac9fd
75e4b855a8b793b7295f2a6d1c7ac9fd,S33,1000,20160701,141754,48062900,2,0,da87470af3b675ca5968736ef0aa9aa0,75e4b855a8b793b7295f2a6d1c7ac9fd
b879bb4052c899856c547fb82a206b0a,S33,2200,20160701,153733,48062900,2,0,4a5bbf6c0ccce26f6e68a095098910e7,b879bb4052c899856c547fb82a206b0a
5a94bc9e25a6cbc95dad68fd97052d2d,S33,500,20160701,95942,48062900,2,0,d002d0af5e3d76a0bb66350a7f0f52ae,5a94bc9e25a6cbc95dad68fd97052d2d
5a94bc9e25a6cbc95dad68fd97052d2d,S33,500,20160701,100206,48062900,2,0,09bbdb40d9399ee0cf56ffa45949df4c,5a94bc9e25a6cbc95dad68fd97052d2d
75e4b855a8b793b7295f2a6d1c7ac9fd,S33,500,20160701,101205,48062900,2,0,a6cc25c5059ff8dbf2eaff3fdfa00986,75e4b855a8b793b7295f2a6d1c7ac9fd
75e4b855a8b793b7295f2a6d1c7ac9fd,S33,20000,20160701,150625,48062900,2,0,958becc4851393170284e693c4cdfe20,75e4b855a8b793b7295f2a6d1c7ac9fd
75e4b855a8b793b7295f2a6d1c7ac9fd,S33,500,20160701,101801,48062900,2,0,c7cd69fb458a1b467b533709e7e4479d,75e4b855a8b793b7295f2a6d1c7ac9fd
75e4b855a8b793b7295f2a6d1c7ac9fd,S33,1000,20160701,100613,48062900,2,0,88d027db96550e78fc4f8edf444e7f40,75e4b855a8b793b7295f2a6d1c7ac9fd
75e4b855a8b793b7295f2a6d1c7ac9fd,S33,55000,20160701,145945,48062900,2,0,8043eb5be0057cf1e09057c24b91dda3,75e4b855a8b793b7295f2a6d1c7ac9fd
75e4b855a8b793b7295f2a6d1c7ac9fd,S33,500,20160701,160537,48062900,2,0,ea76fb31949edff094341ec6f5a7a55c,75e4b855a8b793b7295f2a6d1c7ac9fd
88de7065be623a093d21b6f0a4c1d0f7,S33,300,20160701,135405,48062900,2,0,69a747a85aed6e74aa2c73383b0e0028,88de7065be623a093d21b6f0a4c1d0f7
75e4b855a8b793b7295f2a6d1c7ac9fd,S33,500,20160701,112115,48062900,2,0,e474853b6519d86d41e64cf95187126d,75e4b855a8b793b7295f2a6d1c7ac9fd
75e4b855a8b793b7295f2a6d1c7ac9fd,S33,38000,20160701,155400,48062900,2,0,da87470af3b675ca5968736ef0aa9aa0,75e4b855a8b793b7295f2a6d1c7ac9fd
586f5a20b4a17f7b21b76396c30d329c,S33,500,20160701,155553,48062900,2,0,04c2bec8b7836db6c0b4cefd20aabdee,586f5a20b4a17f7b21b76396c30d329c
75e4b855a8b793b7295f2a6d1c7ac9fd,S33,200,20160701,173826,48062900,2,0,e66ce38aec0474b9f86cfaaa07d44c6d,75e4b855a8b793b7295f2a6d1c7ac9fd
75e4b855a8b793b7295f2a6d1c7ac9fd,S33,300,20160701,160213,48062900,2,0,b631e20e25f0cb089eb643837299594b,75e4b855a8b793b7295f2a6d1c7ac9fd
75e4b855a8b793b7295f2a6d1c7ac9fd,S33,1000,20160701,101050,48062900,2,0,7394f486b4e71c3ce0576caa5ab5a90f,75e4b855a8b793b7295f2a6d1c7ac9fd
6496f9760f0cef795f8d2d47d0635512,S33,1000,20160701,184533,48062900,2,0,eae05d5a594f973cf386870d6d11ecc3,6496f9760f0cef795f8d2d47d0635512
75e4b855a8b793b7295f2a6d1c7ac9fd,S33,500,20160701,101315,48062900,2,0,e76d688591f2056f3b2fbba2640c70e1,75e4b855a8b793b7295f2a6d1c7ac9fd
75e4b855a8b793b7295f2a6d1c7ac9fd,S33,50000,20160701,150953,48062900,2,0,f3494e017722f94148597437c40021ce,75e4b855a8b793b7295f2a6d1c7ac9fd
5a94bc9e25a6cbc95dad68fd97052d2d,S33,500,20160701,95911,48062900,2,0,71049400aaaa01e79883dfa5fe3fe413,5a94bc9e25a6cbc95dad68fd97052d2d
75e4b855a8b793b7295f2a6d1c7ac9fd,S33,40000,20160701,153739,48062900,2,0,91bc21b0af1a6633bbbe513520380cdd,75e4b855a8b793b7295f2a6d1c7ac9fd
6496f9760f0cef795f8d2d47d0635512,S33,800,20160701,184641,48062900,2,0,62462cdc7bd4093848cc48dd45dad0a5,6496f9760f0cef795f8d2d47d0635512
75e4b855a8b793b7295f2a6d1c7ac9fd,S33,1000,20160701,141738,48062900,2,0,a69f9c94e40bcd41de4754f8c0f5a843,75e4b855a8b793b7295f2a6d1c7ac9fd
d7759a71b8ba7b10721558a467a53bb5,S33,500,20160701,141438,48062900,2,0,04c2bec8b7836db6c0b4cefd20aabdee,d7759a71b8ba7b10721558a467a53bb5
0135fa2d321f42cbb65d5e5f6e5a0d25,S33,100,20160701,95441,48062900,2,0,a9744930dfa1266faff349909b5844b1,0135fa2d321f42cbb65d5e5f6e5a0d25
75e4b855a8b793b7295f2a6d1c7ac9fd,S33,50000,20160701,150911,48062900,2,0,7394f486b4e71c3ce0576caa5ab5a90f,75e4b855a8b793b7295f2a6d1c7ac9fd
04c2bec8b7836db6c0b4cefd20aabdee,S33,500,20160701,152619,48062900,2,0,b6fb05a1404378fdbd9ad61a0e4d4d4f,04c2bec8b7836db6c0b4cefd20aabdee
75e4b855a8b793b7295f2a6d1c7ac9fd,S33,500,20160701,101820,48062900,2,0,c178b40f22b8c1ec32029bd755e912e9,75e4b855a8b793b7295f2a6d1c7ac9fd
69a747a85aed6e74aa2c73383b0e0028,S33,200,20160701,123525,48062900,2,0,994297a794bec5aade9fbb57aa622964,69a747a85aed6e74aa2c73383b0e0028
75e4b855a8b793b7295f2a6d1c7ac9fd,S33,1200,20160701,140035,48062900,2,0,635f3f481faa7f491b03bd145e0d1e2e,75e4b855a8b793b7295f2a6d1c7ac9fd
75e4b855a8b793b7295f2a6d1c7ac9fd,S33,40000,20160701,152451,48062900,2,0,38d7cca58973f4fd0af0d6b8df417109,75e4b855a8b793b7295f2a6d1c7ac9fd
75e4b855a8b793b7295f2a6d1c7ac9fd,S33,500,20160701,112353,48062900,2,0,3d13b52c4dc8fa8c6d93a201d93deca5,75e4b855a8b793b7295f2a6d1c7ac9fd
75e4b855a8b793b7295f2a6d1c7ac9fd,S33,40000,20160701,152711,48062900,2,0,6cf07546f9278b5fd00caa0319507f20,75e4b855a8b793b7295f2a6d1c7ac9fd
75e4b855a8b793b7295f2a6d1c7ac9fd,S33,60000,20160701,151510,48062900,2,0,842983a5b63ac5928e36a6abbcd3c269,75e4b855a8b793b7295f2a6d1c7ac9fd
75e4b855a8b793b7295f2a6d1c7ac9fd,S33,45000,20160701,151120,48062900,2,0,6ef42a766da011927354c130572082a0,75e4b855a8b793b7295f2a6d1c7ac9fd
75e4b855a8b793b7295f2a6d1c7ac9fd,S33,1000,20160701,100342,48062900,2,0,22e1650eb49ae013ca70be47c3c66914,75e4b855a8b793b7295f2a6d1c7ac9fd
75e4b855a8b793b7295f2a6d1c7ac9fd,S33,1100,20160701,125018,48062900,2,0,3d13b52c4dc8fa8c6d93a201d93deca5,75e4b855a8b793b7295f2a6d1c7ac9fd
75e4b855a8b793b7295f2a6d1c7ac9fd,S33,50000,20160701,145841,48062900,2,0,d002d0af5e3d76a0bb66350a7f0f52ae,75e4b855a8b793b7295f2a6d1c7ac9fd
75e4b855a8b793b7295f2a6d1c7ac9fd,S33,300,20160701,161321,48062900,2,0,d4e94f3aab5f51dbd236117825b225ea,75e4b855a8b793b7295f2a6d1c7ac9fd
d57294a06c230679d3352f48321b7ff0,S33,100,20160701,95550,48062900,2,0,1dd026b547e50002d5cc44de26aaca40,d57294a06c230679d3352f48321b7ff0
75e4b855a8b793b7295f2a6d1c7ac9fd,S33,27000,20160701,155159,48062900,2,0,404da2d2e783e17dab6c8f0d89aaf80d,75e4b855a8b793b7295f2a6d1c7ac9fd
75e4b855a8b793b7295f2a6d1c7ac9fd,S33,1000,20160701,101458,48062900,2,0,6cdce0902b09fdb33bdc3f99a6319609,75e4b855a8b793b7295f2a6d1c7ac9fd
6bc8b61af09a56e55484b30ab3c2e6de,S33,600,20160701,154736,3017910,2,0,ab4d1b39e342cd635807e1f0228b658f,6bc8b61af09a56e55484b30ab3c2e6de
5a94bc9e25a6cbc95dad68fd97052d2d,S33,500,20160701,100056,48062900,2,0,6ec954ba050058d9ea0beb26cda04536,5a94bc9e25a6cbc95dad68fd97052d2d
5a94bc9e25a6cbc95dad68fd97052d2d,S33,500,20160701,100137,48062900,2,0,a3f9466734601d8716a419174c803107,5a94bc9e25a6cbc95dad68fd97052d2d
69a747a85aed6e74aa2c73383b0e0028,S33,300,20160701,135352,48062900,2,0,88de7065be623a093d21b6f0a4c1d0f7,69a747a85aed6e74aa2c73383b0e0028
75e4b855a8b793b7295f2a6d1c7ac9fd,S33,1100,20160701,124632,48062900,2,0,fc8e900a141abe9c721774da4a8f0bdf,75e4b855a8b793b7295f2a6d1c7ac9fd
75e4b855a8b793b7295f2a6d1c7ac9fd,S33,1000,20160701,100442,48062900,2,0,19fd067bb00914028c88674d57de2224,75e4b855a8b793b7295f2a6d1c7ac9fd
75e4b855a8b793b7295f2a6d1c7ac9fd,S33,1100,20160701,124018,48062900,2,0,f26b4fac6453cb769d848b1b4ad49d81,75e4b855a8b793b7295f2a6d1c7ac9fd
75e4b855a8b793b7295f2a6d1c7ac9fd,S33,500,20160701,101149,48062900,2,0,f3494e017722f94148597437c40021ce,75e4b855a8b793b7295f2a6d1c7ac9fd
75e4b855a8b793b7295f2a6d1c7ac9fd,S33,1000,20160701,141824,48062900,2,0,c04f2d9e3ccf72035536c0449894534f,75e4b855a8b793b7295f2a6d1c7ac9fd
75e4b855a8b793b7295f2a6d1c7ac9fd,S33,500,20160701,160102,48062900,2,0,6cdce0902b09fdb33bdc3f99a6319609,75e4b855a8b793b7295f2a6d1c7ac9fd
75e4b855a8b793b7295f2a6d1c7ac9fd,S33,45000,20160701,151252,48062900,2,0,a5108fb1e402d7578720e301c27c4574,75e4b855a8b793b7295f2a6d1c7ac9fd
75e4b855a8b793b7295f2a6d1c7ac9fd,S33,500,20160701,101226,48062900,2,0,6ef42a766da011927354c130572082a0,75e4b855a8b793b7295f2a6d1c7ac9fd
d7632a7a60171ac4079133e5c88f4d4e,S33,500,20160701,123502,48062900,2,0,69a747a85aed6e74aa2c73383b0e0028,d7632a7a60171ac4079133e5c88f4d4e
75e4b855a8b793b7295f2a6d1c7ac9fd,S33,50000,20160701,145928,48062900,2,0,6ec954ba050058d9ea0beb26cda04536,75e4b855a8b793b7295f2a6d1c7ac9fd
586f5a20b4a17f7b21b76396c30d329c,S33,200,20160701,155502,48062900,2,0,04c2bec8b7836db6c0b4cefd20aabdee,586f5a20b4a17f7b21b76396c30d329c
75e4b855a8b793b7295f2a6d1c7ac9fd,S33,1000,20160701,101332,48062900,2,0,a5108fb1e402d7578720e301c27c4574,75e4b855a8b793b7295f2a6d1c7ac9fd
75e4b855a8b793b7295f2a6d1c7ac9fd,S33,1000,20160701,141723,48062900,2,0,9aca2e240506a23bc4f82998dbf33717,75e4b855a8b793b7295f2a6d1c7ac9fd
75e4b855a8b793b7295f2a6d1c7ac9fd,S33,40000,20160701,150812,48062900,2,0,31ca34ee1935b70cc54cc40411354dab,75e4b855a8b793b7295f2a6d1c7ac9fd
75e4b855a8b793b7295f2a6d1c7ac9fd,S33,50000,20160701,145826,48062900,2,0,9c0d73ce66aeac4cafb35f9cdf865974,75e4b855a8b793b7295f2a6d1c7ac9fd
75e4b855a8b793b7295f2a6d1c7ac9fd,S33,500,20160701,85658,48062900,2,0,e4aa4d43f47175b5bf3346163cac500a,75e4b855a8b793b7295f2a6d1c7ac9fd
75e4b855a8b793b7295f2a6d1c7ac9fd,S33,1000,20160701,101556,48062900,2,0,ad18be0649319d92a7ce4aad8ded6c94,75e4b855a8b793b7295f2a6d1c7ac9fd
75e4b855a8b793b7295f2a6d1c7ac9fd,S33,50000,20160701,150233,48062900,2,0,7179f2007f1a5464ae5c325e0ee06416,75e4b855a8b793b7295f2a6d1c7ac9fd
75e4b855a8b793b7295f2a6d1c7ac9fd,S33,16000,20160701,90432,48062900,2,0,ca97ad349b812c0157eb4001dccf8aa9,75e4b855a8b793b7295f2a6d1c7ac9fd
75e4b855a8b793b7295f2a6d1c7ac9fd,S33,1100,20160701,124036,48062900,2,0,d4e94f3aab5f51dbd236117825b225ea,75e4b855a8b793b7295f2a6d1c7ac9fd
75e4b855a8b793b7295f2a6d1c7ac9fd,S33,50000,20160701,150018,48062900,2,0,09bbdb40d9399ee0cf56ffa45949df4c,75e4b855a8b793b7295f2a6d1c7ac9fd
75e4b855a8b793b7295f2a6d1c7ac9fd,S33,1000,20160701,101440,48062900,2,0,842983a5b63ac5928e36a6abbcd3c269,75e4b855a8b793b7295f2a6d1c7ac9fd
213d9ad2a16c06258e71bc93139ee242,S33,100,20160701,95417,48062900,2,0,0135fa2d321f42cbb65d5e5f6e5a0d25,213d9ad2a16c06258e71bc93139ee242
75e4b855a8b793b7295f2a6d1c7ac9fd,S33,40000,20160701,152424,48062900,2,0,c178b40f22b8c1ec32029bd755e912e9,75e4b855a8b793b7295f2a6d1c7ac9fd
75e4b855a8b793b7295f2a6d1c7ac9fd,S33,200,20160701,173750,48062900,2,0,38d7cca58973f4fd0af0d6b8df417109,75e4b855a8b793b7295f2a6d1c7ac9fd
4a5bbf6c0ccce26f6e68a095098910e7,S33,1100,20160701,153755,48062900,2,0,b879bb4052c899856c547fb82a206b0a,4a5bbf6c0ccce26f6e68a095098910e7
75e4b855a8b793b7295f2a6d1c7ac9fd,S33,1100,20160701,135937,48062900,2,0,4271ff39e2a7101fe4c26b368a1d84c0,75e4b855a8b793b7295f2a6d1c7ac9fd
586f5a20b4a17f7b21b76396c30d329c,S33,200,20160701,152814,48062900,2,0,3dc477c454798e7a8f6548925f77e806,586f5a20b4a17f7b21b76396c30d329c
308b6b2abb0532648e6431ab907269bc,S33,1000,20160701,151853,48062900,2,0,6c5c43700cc0eb8f8ced0e9865ed5f81,308b6b2abb0532648e6431ab907269bc
75e4b855a8b793b7295f2a6d1c7ac9fd,S33,500,20160701,112042,48062900,2,0,1dadb41ce5747023f19dd3488955c5a6,75e4b855a8b793b7295f2a6d1c7ac9fd
75e4b855a8b793b7295f2a6d1c7ac9fd,S33,40000,20160701,150208,48062900,2,0,9633c9bd73b58dddf637ad5b23097f58,75e4b855a8b793b7295f2a6d1c7ac9fd
75e4b855a8b793b7295f2a6d1c7ac9fd,S33,500,20160701,85640,48062900,2,0,14a18b5e92a6e5ac33a1adeecf842b93,75e4b855a8b793b7295f2a6d1c7ac9fd
75e4b855a8b793b7295f2a6d1c7ac9fd,S33,500,20160701,101708,48062900,2,0,f26b4fac6453cb769d848b1b4ad49d81,75e4b855a8b793b7295f2a6d1c7ac9fd
ede51d563c32851d4a3fe2f171ff14d2,S33,35000,20160701,133051,48062900,2,0,75e4b855a8b793b7295f2a6d1c7ac9fd,ede51d563c32851d4a3fe2f171ff14d2
75e4b855a8b793b7295f2a6d1c7ac9fd,S33,60000,20160701,151945,48062900,2,0,f26b4fac6453cb769d848b1b4ad49d81,75e4b855a8b793b7295f2a6d1c7ac9fd
75e4b855a8b793b7295f2a6d1c7ac9fd,S33,45000,20160701,150310,48062900,2,0,2353fa8f746416aeff9bc23f0111f32d,75e4b855a8b793b7295f2a6d1c7ac9fd
75e4b855a8b793b7295f2a6d1c7ac9fd,S33,300,20160701,154336,48062900,2,0,5646e06780e97f5376f85dd947af2656,75e4b855a8b793b7295f2a6d1c7ac9fd
75e4b855a8b793b7295f2a6d1c7ac9fd,S33,300,20160701,160505,48062900,2,0,68bf14b4342cfe9346852bdc2346ccb1,75e4b855a8b793b7295f2a6d1c7ac9fd
75e4b855a8b793b7295f2a6d1c7ac9fd,S33,500,20160701,112339,48062900,2,0,6cdce0902b09fdb33bdc3f99a6319609,75e4b855a8b793b7295f2a6d1c7ac9fd
75e4b855a8b793b7295f2a6d1c7ac9fd,S33,40000,20160701,150108,48062900,2,0,e14b039c2352734ebca1b2b1250f06eb,75e4b855a8b793b7295f2a6d1c7ac9fd
b3cd6865c0ff9f626f77c85cf97d2d19,S33,300,20160701,154828,48062900,2,0,642d8a974b8c37f0121caeaf31c86091,b3cd6865c0ff9f626f77c85cf97d2d19
c7b2093849750aa6afb33ee5e3773cc9,S33,1100,20160701,142320,48062900,2,0,842983a5b63ac5928e36a6abbcd3c269,c7b2093849750aa6afb33ee5e3773cc9
ede51d563c32851d4a3fe2f171ff14d2,S33,600000,20160701,155845,48062900,2,0,75e4b855a8b793b7295f2a6d1c7ac9fd,ede51d563c32851d4a3fe2f171ff14d2
75e4b855a8b793b7295f2a6d1c7ac9fd,S33,500,20160701,112013,48062900,2,0,35f191143583484798553db4ec4dd31b,75e4b855a8b793b7295f2a6d1c7ac9fd
5a94bc9e25a6cbc95dad68fd97052d2d,S33,500,20160701,95838,48062900,2,0,14a18b5e92a6e5ac33a1adeecf842b93,5a94bc9e25a6cbc95dad68fd97052d2d
75e4b855a8b793b7295f2a6d1c7ac9fd,S33,37000,20160701,151817,48062900,2,0,3cd83a32c63814bd18167d94ce4c8aa4,75e4b855a8b793b7295f2a6d1c7ac9fd
75e4b855a8b793b7295f2a6d1c7ac9fd,S33,27000,20160701,153154,48062900,2,0,c2c49e7577e23b536754031cb1e3e782,75e4b855a8b793b7295f2a6d1c7ac9fd
75e4b855a8b793b7295f2a6d1c7ac9fd,S33,500,20160701,101745,48062900,2,0,f9f1d57d6032fd58ccf06c800ee5036a,75e4b855a8b793b7295f2a6d1c7ac9fd
5a94bc9e25a6cbc95dad68fd97052d2d,S33,500,20160701,95851,48062900,2,0,e4aa4d43f47175b5bf3346163cac500a,5a94bc9e25a6cbc95dad68fd97052d2d
75e4b855a8b793b7295f2a6d1c7ac9fd,S33,500,20160701,101727,48062900,2,0,d4e94f3aab5f51dbd236117825b225ea,75e4b855a8b793b7295f2a6d1c7ac9fd
75e4b855a8b793b7295f2a6d1c7ac9fd,S33,1200,20160701,124142,48062900,2,0,c178b40f22b8c1ec32029bd755e912e9,75e4b855a8b793b7295f2a6d1c7ac9fd
75e4b855a8b793b7295f2a6d1c7ac9fd,S33,300,20160701,154254,48062900,2,0,e4271157996742ee32b1bcf6da5de1f1,75e4b855a8b793b7295f2a6d1c7ac9fd
994297a794bec5aade9fbb57aa622964,S33,500,20160701,123539,48062900,2,0,88de7065be623a093d21b6f0a4c1d0f7,994297a794bec5aade9fbb57aa622964
75e4b855a8b793b7295f2a6d1c7ac9fd,S33,1100,20160701,124110,48062900,2,0,c7cd69fb458a1b467b533709e7e4479d,75e4b855a8b793b7295f2a6d1c7ac9fd
04c2bec8b7836db6c0b4cefd20aabdee,S33,500,20160701,155604,48062900,2,0,b6fb05a1404378fdbd9ad61a0e4d4d4f,04c2bec8b7836db6c0b4cefd20aabdee
75e4b855a8b793b7295f2a6d1c7ac9fd,S33,1000,20160701,123930,48062900,2,0,3cd83a32c63814bd18167d94ce4c8aa4,75e4b855a8b793b7295f2a6d1c7ac9fd
75e4b855a8b793b7295f2a6d1c7ac9fd,S33,30000,20160701,152842,48062900,2,0,e4271157996742ee32b1bcf6da5de1f1,75e4b855a8b793b7295f2a6d1c7ac9fd
75e4b855a8b793b7295f2a6d1c7ac9fd,S33,1000,20160701,141607,48062900,2,0,5646e06780e97f5376f85dd947af2656,75e4b855a8b793b7295f2a6d1c7ac9fd
586f5a20b4a17f7b21b76396c30d329c,S33,200,20160701,152856,48062900,2,0,1210c4314a57f7378482caf44686da23,586f5a20b4a17f7b21b76396c30d329c
0135fa2d321f42cbb65d5e5f6e5a0d25,S33,100,20160701,95227,48062900,2,0,213d9ad2a16c06258e71bc93139ee242,0135fa2d321f42cbb65d5e5f6e5a0d25
75e4b855a8b793b7295f2a6d1c7ac9fd,S33,50000,20160701,145810,48062900,2,0,71049400aaaa01e79883dfa5fe3fe413,75e4b855a8b793b7295f2a6d1c7ac9fd
5fd2fb6b22a0783223274e5c6fe3d426,S33,1000,20160701,142840,48062900,2,0,308b6b2abb0532648e6431ab907269bc,5fd2fb6b22a0783223274e5c6fe3d426
75e4b855a8b793b7295f2a6d1c7ac9fd,S33,40000,20160701,151638,48062900,2,0,495659d6e69fd302847d49b1a8c8a22b,75e4b855a8b793b7295f2a6d1c7ac9fd
75e4b855a8b793b7295f2a6d1c7ac9fd,S33,500,20160701,124451,48062900,2,0,b631e20e25f0cb089eb643837299594b,75e4b855a8b793b7295f2a6d1c7ac9fd
75e4b855a8b793b7295f2a6d1c7ac9fd,S33,1100,20160701,124655,48062900,2,0,68bf14b4342cfe9346852bdc2346ccb1,75e4b855a8b793b7295f2a6d1c7ac9fd
a9744930dfa1266faff349909b5844b1,S33,100,20160701,95529,48062900,2,0,48357f8253b305036122f866c3e20a27,a9744930dfa1266faff349909b5844b1
75e4b855a8b793b7295f2a6d1c7ac9fd,S33,1100,20160701,124238,48062900,2,0,e66ce38aec0474b9f86cfaaa07d44c6d,75e4b855a8b793b7295f2a6d1c7ac9fd
75e4b855a8b793b7295f2a6d1c7ac9fd,S33,48000,20160701,150841,48062900,2,0,4dbb54852bc516a825630452e7b986ba,75e4b855a8b793b7295f2a6d1c7ac9fd
75e4b855a8b793b7295f2a6d1c7ac9fd,S33,500,20160701,112138,48062900,2,0,c2c49e7577e23b536754031cb1e3e782,75e4b855a8b793b7295f2a6d1c7ac9fd
75e4b855a8b793b7295f2a6d1c7ac9fd,S33,500,20160701,101539,48062900,2,0,495659d6e69fd302847d49b1a8c8a22b,75e4b855a8b793b7295f2a6d1c7ac9fd
17002cca434f45b8734be7ec9052851e,S33,10000,20160701,101553,48062900,2,0,202731250dae6e9809e9736a87c25cb9,17002cca434f45b8734be7ec9052851e
75e4b855a8b793b7295f2a6d1c7ac9fd,S33,100,20160701,173934,48062900,2,0,1dadb41ce5747023f19dd3488955c5a6,75e4b855a8b793b7295f2a6d1c7ac9fd
75e4b855a8b793b7295f2a6d1c7ac9fd,S33,50000,20160701,145724,48062900,2,0,e4aa4d43f47175b5bf3346163cac500a,75e4b855a8b793b7295f2a6d1c7ac9fd
586f5a20b4a17f7b21b76396c30d329c,S33,500,20160701,141426,48062900,2,0,d7759a71b8ba7b10721558a467a53bb5,586f5a20b4a17f7b21b76396c30d329c
75e4b855a8b793b7295f2a6d1c7ac9fd,S33,300,20160701,160643,48062900,2,0,404da2d2e783e17dab6c8f0d89aaf80d,75e4b855a8b793b7295f2a6d1c7ac9fd
75e4b855a8b793b7295f2a6d1c7ac9fd,S33,30000,20160701,152911,48062900,2,0,1dadb41ce5747023f19dd3488955c5a6,75e4b855a8b793b7295f2a6d1c7ac9fd
75e4b855a8b793b7295f2a6d1c7ac9fd,S33,200,20160701,173809,48062900,2,0,6cf07546f9278b5fd00caa0319507f20,75e4b855a8b793b7295f2a6d1c7ac9fd
75e4b855a8b793b7295f2a6d1c7ac9fd,S33,300,20160701,160717,48062900,2,0,f4e5e0f0ba9f6a8e0c7d336eaf0b134e,75e4b855a8b793b7295f2a6d1c7ac9fd
75e4b855a8b793b7295f2a6d1c7ac9fd,S33,40000,20160701,152358,48062900,2,0,c7cd69fb458a1b467b533709e7e4479d,75e4b855a8b793b7295f2a6d1c7ac9fd
75e4b855a8b793b7295f2a6d1c7ac9fd,S33,48000,20160701,151324,48062900,2,0,525a22f5394f4f983d6e3a11d6a365d5,75e4b855a8b793b7295f2a6d1c7ac9fd
75e4b855a8b793b7295f2a6d1c7ac9fd,S33,30000,20160701,151538,48062900,2,0,6cdce0902b09fdb33bdc3f99a6319609,75e4b855a8b793b7295f2a6d1c7ac9fd
245952f53b6fbd1f4cee78609e710ccf,S33,500,20160701,142304,48062900,2,0,7e9eb3f360bd8546afc4095f4a42267e,245952f53b6fbd1f4cee78609e710ccf
5a94bc9e25a6cbc95dad68fd97052d2d,S33,500,20160701,100111,48062900,2,0,8043eb5be0057cf1e09057c24b91dda3,5a94bc9e25a6cbc95dad68fd97052d2d
75e4b855a8b793b7295f2a6d1c7ac9fd,S33,40000,20160701,153618,48062900,2,0,6b949cc794ee41271e2f93795b75f852,75e4b855a8b793b7295f2a6d1c7ac9fd
75e4b855a8b793b7295f2a6d1c7ac9fd,S33,1000,20160701,141546,48062900,2,0,91bc21b0af1a6633bbbe513520380cdd,75e4b855a8b793b7295f2a6d1c7ac9fd
75e4b855a8b793b7295f2a6d1c7ac9fd,S33,500,20160701,101133,48062900,2,0,4dbb54852bc516a825630452e7b986ba,75e4b855a8b793b7295f2a6d1c7ac9fd
75e4b855a8b793b7295f2a6d1c7ac9fd,S33,300,20160701,161402,48062900,2,0,c7cd69fb458a1b467b533709e7e4479d,75e4b855a8b793b7295f2a6d1c7ac9fd
75e4b855a8b793b7295f2a6d1c7ac9fd,S33,1000,20160701,101513,48062900,2,0,3d13b52c4dc8fa8c6d93a201d93deca5,75e4b855a8b793b7295f2a6d1c7ac9fd
75e4b855a8b793b7295f2a6d1c7ac9fd,S33,52000,20160701,152622,48062900,2,0,5646e06780e97f5376f85dd947af2656,75e4b855a8b793b7295f2a6d1c7ac9fd
75e4b855a8b793b7295f2a6d1c7ac9fd,S33,500,20160701,112301,48062900,2,0,77a49444302091accf95f8495718a987,75e4b855a8b793b7295f2a6d1c7ac9fd
75e4b855a8b793b7295f2a6d1c7ac9fd,S33,300,20160701,154225,48062900,2,0,35f191143583484798553db4ec4dd31b,75e4b855a8b793b7295f2a6d1c7ac9fd
75e4b855a8b793b7295f2a6d1c7ac9fd,S33,300,20160701,161243,48062900,2,0,1c4e5b993282b4a9e08cbf38f49920fe,75e4b855a8b793b7295f2a6d1c7ac9fd
75e4b855a8b793b7295f2a6d1c7ac9fd,S33,30000,20160701,152940,48062900,2,0,b631e20e25f0cb089eb643837299594b,75e4b855a8b793b7295f2a6d1c7ac9fd
75e4b855a8b793b7295f2a6d1c7ac9fd,S33,20000,20160701,145108,48062900,2,0,213d9ad2a16c06258e71bc93139ee242,75e4b855a8b793b7295f2a6d1c7ac9fd
75e4b855a8b793b7295f2a6d1c7ac9fd,S33,500,20160701,84703,48062900,2,0,1dd026b547e50002d5cc44de26aaca40,75e4b855a8b793b7295f2a6d1c7ac9fd
6bc8b61af09a56e55484b30ab3c2e6de,S33,600,20160701,154912,3017910,2,0,d8372278215b14ef3e557bee3e85f460,6bc8b61af09a56e55484b30ab3c2e6de
17002cca434f45b8734be7ec9052851e,S33,500,20160701,114837,48062900,2,0,3368f31b7a30650f1db6b6a57f64e78c,17002cca434f45b8734be7ec9052851e
a493b849c9d0f063b0f885e87900768c,S33,500,20160701,101057,48062900,2,0,17945d8adb8f53b23b3f2bfbe4740e4f,a493b849c9d0f063b0f885e87900768c
75e4b855a8b793b7295f2a6d1c7ac9fd,S33,37000,20160701,155535,48062900,2,0,be45cafe6f2a6e95554707ec675c346b,75e4b855a8b793b7295f2a6d1c7ac9fd
75e4b855a8b793b7295f2a6d1c7ac9fd,S33,28000,20160701,153057,48062900,2,0,e474853b6519d86d41e64cf95187126d,75e4b855a8b793b7295f2a6d1c7ac9fd
75e4b855a8b793b7295f2a6d1c7ac9fd,S33,300,20160701,160751,48062900,2,0,a69f9c94e40bcd41de4754f8c0f5a843,75e4b855a8b793b7295f2a6d1c7ac9fd
75e4b855a8b793b7295f2a6d1c7ac9fd,S33,1200,20160701,124202,48062900,2,0,38d7cca58973f4fd0af0d6b8df417109,75e4b855a8b793b7295f2a6d1c7ac9fd
75e4b855a8b793b7295f2a6d1c7ac9fd,S33,1000,20160701,101407,48062900,2,0,9f01c6f07efa2c5d3f75bf63a59dbeeb,75e4b855a8b793b7295f2a6d1c7ac9fd
889bcdfb12247b2cb01de8d61363a5fe,S33,1100,20160701,142301,48062900,2,0,77a49444302091accf95f8495718a987,889bcdfb12247b2cb01de8d61363a5fe
75e4b855a8b793b7295f2a6d1c7ac9fd,S33,500,20160701,100357,48062900,2,0,9633c9bd73b58dddf637ad5b23097f58,75e4b855a8b793b7295f2a6d1c7ac9fd
75e4b855a8b793b7295f2a6d1c7ac9fd,S33,300,20160701,160142,48062900,2,0,1dadb41ce5747023f19dd3488955c5a6,75e4b855a8b793b7295f2a6d1c7ac9fd
75e4b855a8b793b7295f2a6d1c7ac9fd,S33,1100,20160701,124516,48062900,2,0,e474853b6519d86d41e64cf95187126d,75e4b855a8b793b7295f2a6d1c7ac9fd
75e4b855a8b793b7295f2a6d1c7ac9fd,S33,500,20160701,85620,48062900,2,0,cdfa4b74d5255cf9e1ff93ba45c2ea7c,75e4b855a8b793b7295f2a6d1c7ac9fd
75e4b855a8b793b7295f2a6d1c7ac9fd,S33,1100,20160701,124720,48062900,2,0,ea76fb31949edff094341ec6f5a7a55c,75e4b855a8b793b7295f2a6d1c7ac9fd
e862b6f96737c8a2a68ae907b15c397f,S33,100,20160701,95620,48062900,2,0,48357f8253b305036122f866c3e20a27,e862b6f96737c8a2a68ae907b15c397f
5a94bc9e25a6cbc95dad68fd97052d2d,S33,500,20160701,101431,48062900,2,0,3cd83a32c63814bd18167d94ce4c8aa4,5a94bc9e25a6cbc95dad68fd97052d2d
75e4b855a8b793b7295f2a6d1c7ac9fd,S33,500,20160701,112102,48062900,2,0,b631e20e25f0cb089eb643837299594b,75e4b855a8b793b7295f2a6d1c7ac9fd
75e4b855a8b793b7295f2a6d1c7ac9fd,S33,38000,20160701,155509,48062900,2,0,c04f2d9e3ccf72035536c0449894534f,75e4b855a8b793b7295f2a6d1c7ac9fd
75e4b855a8b793b7295f2a6d1c7ac9fd,S33,1000,20160701,100821,48062900,2,0,31ca34ee1935b70cc54cc40411354dab,75e4b855a8b793b7295f2a6d1c7ac9fd
75e4b855a8b793b7295f2a6d1c7ac9fd,S33,1000,20160701,100526,48062900,2,0,4f7138ce0c5bd2efc267fbb04a238044,75e4b855a8b793b7295f2a6d1c7ac9fd
75e4b855a8b793b7295f2a6d1c7ac9fd,S33,1200,20160701,140055,48062900,2,0,6b949cc794ee41271e2f93795b75f852,75e4b855a8b793b7295f2a6d1c7ac9fd
6496f9760f0cef795f8d2d47d0635512,S33,800,20160701,184349,48062900,2,0,eae05d5a594f973cf386870d6d11ecc3,6496f9760f0cef795f8d2d47d0635512
04c2bec8b7836db6c0b4cefd20aabdee,S33,500,20160701,155541,48062900,2,0,586f5a20b4a17f7b21b76396c30d329c,04c2bec8b7836db6c0b4cefd20aabdee
75e4b855a8b793b7295f2a6d1c7ac9fd,S33,1100,20160701,140015,48062900,2,0,29c66d179e91887ee7cbc8eb2ef676b0,75e4b855a8b793b7295f2a6d1c7ac9fd
6c5c43700cc0eb8f8ced0e9865ed5f81,S33,990000,20160701,152538,48062900,2,0,23b11bae7494fa0e5c4a35f215d0856b,6c5c43700cc0eb8f8ced0e9865ed5f81
75e4b855a8b793b7295f2a6d1c7ac9fd,S33,1000,20160701,141900,48062900,2,0,be45cafe6f2a6e95554707ec675c346b,75e4b855a8b793b7295f2a6d1c7ac9fd
75e4b855a8b793b7295f2a6d1c7ac9fd,S33,45000,20160701,150252,48062900,2,0,19fd067bb00914028c88674d57de2224,75e4b855a8b793b7295f2a6d1c7ac9fd
626d03124929736701a320fe82dc5d60,S33,500,20160701,151406,48062900,2,0,7e9eb3f360bd8546afc4095f4a42267e,626d03124929736701a320fe82dc5d60
75e4b855a8b793b7295f2a6d1c7ac9fd,S33,50000,20160701,145704,48062900,2,0,14a18b5e92a6e5ac33a1adeecf842b93,75e4b855a8b793b7295f2a6d1c7ac9fd
75e4b855a8b793b7295f2a6d1c7ac9fd,S33,1100,20160701,124429,48062900,2,0,1dadb41ce5747023f19dd3488955c5a6,75e4b855a8b793b7295f2a6d1c7ac9fd
75e4b855a8b793b7295f2a6d1c7ac9fd,S33,1100,20160701,124924,48062900,2,0,77a49444302091accf95f8495718a987,75e4b855a8b793b7295f2a6d1c7ac9fd
75e4b855a8b793b7295f2a6d1c7ac9fd,S33,300,20160701,160429,48062900,2,0,e67da53e64ee10168a14d5b1bf44cdda,75e4b855a8b793b7295f2a6d1c7ac9fd
75e4b855a8b793b7295f2a6d1c7ac9fd,S33,10000,20160701,145012,48062900,2,0,0135fa2d321f42cbb65d5e5f6e5a0d25,75e4b855a8b793b7295f2a6d1c7ac9fd
b879bb4052c899856c547fb82a206b0a,S33,1500,20160701,153839,48062900,2,0,4a5bbf6c0ccce26f6e68a095098910e7,b879bb4052c899856c547fb82a206b0a
75e4b855a8b793b7295f2a6d1c7ac9fd,S33,38000,20160701,153549,48062900,2,0,635f3f481faa7f491b03bd145e0d1e2e,75e4b855a8b793b7295f2a6d1c7ac9fd
75e4b855a8b793b7295f2a6d1c7ac9fd,S33,50000,20160701,151204,48062900,2,0,e76d688591f2056f3b2fbba2640c70e1,75e4b855a8b793b7295f2a6d1c7ac9fd
75e4b855a8b793b7295f2a6d1c7ac9fd,S33,500,20160701,101246,48062900,2,0,e76d688591f2056f3b2fbba2640c70e1,75e4b855a8b793b7295f2a6d1c7ac9fd
75e4b855a8b793b7295f2a6d1c7ac9fd,S33,300,20160701,154741,48062900,2,0,5646e06780e97f5376f85dd947af2656,75e4b855a8b793b7295f2a6d1c7ac9fd
2d3a088e1891a7e45b30bdcebdceabbb,S33,500,20160701,114816,48062900,2,0,17002cca434f45b8734be7ec9052851e,2d3a088e1891a7e45b30bdcebdceabbb
1b5935a439f08b75269fe1e5e28db888,S33,1100,20160701,142427,48062900,2,0,3d13b52c4dc8fa8c6d93a201d93deca5,1b5935a439f08b75269fe1e5e28db888
75e4b855a8b793b7295f2a6d1c7ac9fd,S33,1000,20160701,100428,48062900,2,0,7179f2007f1a5464ae5c325e0ee06416,75e4b855a8b793b7295f2a6d1c7ac9fd
75e4b855a8b793b7295f2a6d1c7ac9fd,S33,1000,20160701,112316,48062900,2,0,842983a5b63ac5928e36a6abbcd3c269,75e4b855a8b793b7295f2a6d1c7ac9fd
75e4b855a8b793b7295f2a6d1c7ac9fd,S33,1100,20160701,124347,48062900,2,0,35f191143583484798553db4ec4dd31b,75e4b855a8b793b7295f2a6d1c7ac9fd
75e4b855a8b793b7295f2a6d1c7ac9fd,S33,500,20160701,101908,48062900,2,0,6cf07546f9278b5fd00caa0319507f20,75e4b855a8b793b7295f2a6d1c7ac9fd
75e4b855a8b793b7295f2a6d1c7ac9fd,S33,40000,20160701,151705,48062900,2,0,ad18be0649319d92a7ce4aad8ded6c94,75e4b855a8b793b7295f2a6d1c7ac9fd
75e4b855a8b793b7295f2a6d1c7ac9fd,S33,1000,20160701,101251,48062900,2,0,a6cc25c5059ff8dbf2eaff3fdfa00986,75e4b855a8b793b7295f2a6d1c7ac9fd
75e4b855a8b793b7295f2a6d1c7ac9fd,S33,1000,20160701,101016,48062900,2,0,31ca34ee1935b70cc54cc40411354dab,75e4b855a8b793b7295f2a6d1c7ac9fd
75e4b855a8b793b7295f2a6d1c7ac9fd,S33,300,20160701,154148,48062900,2,0,e66ce38aec0474b9f86cfaaa07d44c6d,75e4b855a8b793b7295f2a6d1c7ac9fd
75e4b855a8b793b7295f2a6d1c7ac9fd,S33,40000,20160701,152331,48062900,2,0,f9f1d57d6032fd58ccf06c800ee5036a,75e4b855a8b793b7295f2a6d1c7ac9fd
586f5a20b4a17f7b21b76396c30d329c,S33,200,20160701,152910,48062900,2,0,88c537c627831d661389f2b311484a69,586f5a20b4a17f7b21b76396c30d329c
75e4b855a8b793b7295f2a6d1c7ac9fd,S33,37000,20160701,151853,48062900,2,0,1c4e5b993282b4a9e08cbf38f49920fe,75e4b855a8b793b7295f2a6d1c7ac9fd
5a94bc9e25a6cbc95dad68fd97052d2d,S33,500,20160701,95928,48062900,2,0,9c0d73ce66aeac4cafb35f9cdf865974,5a94bc9e25a6cbc95dad68fd97052d2d
75e4b855a8b793b7295f2a6d1c7ac9fd,S33,48000,20160701,151428,48062900,2,0,b8e9341a2142e67a17061ccf2feae771,75e4b855a8b793b7295f2a6d1c7ac9fd
450a3a1ffce4158670bc35f9050264ea,S33,2000,20160701,191122,48062900,2,0,17002cca434f45b8734be7ec9052851e,450a3a1ffce4158670bc35f9050264ea
75e4b855a8b793b7295f2a6d1c7ac9fd,S33,500,20160701,101349,48062900,2,0,525a22f5394f4f983d6e3a11d6a365d5,75e4b855a8b793b7295f2a6d1c7ac9fd
c20b99f5684483a13d9003a4acb267e0,S33,1200,20160701,142351,48062900,2,0,6cdce0902b09fdb33bdc3f99a6319609,c20b99f5684483a13d9003a4acb267e0
75e4b855a8b793b7295f2a6d1c7ac9fd,S33,20000,20160701,145333,48062900,2,0,48357f8253b305036122f866c3e20a27,75e4b855a8b793b7295f2a6d1c7ac9fd
75e4b855a8b793b7295f2a6d1c7ac9fd,S33,45000,20160701,150740,48062900,2,0,88d027db96550e78fc4f8edf444e7f40,75e4b855a8b793b7295f2a6d1c7ac9fd
7e9eb3f360bd8546afc4095f4a42267e,S33,2000,20160701,151344,48062900,2,0,97283efd952f80b7a4d44a9593c8bc81,7e9eb3f360bd8546afc4095f4a42267e
75e4b855a8b793b7295f2a6d1c7ac9fd,S33,1000,20160701,100456,48062900,2,0,77a49444302091accf95f8495718a987,75e4b855a8b793b7295f2a6d1c7ac9fd
75e4b855a8b793b7295f2a6d1c7ac9fd,S33,300,20160701,161301,48062900,2,0,f26b4fac6453cb769d848b1b4ad49d81,75e4b855a8b793b7295f2a6d1c7ac9fd
75e4b855a8b793b7295f2a6d1c7ac9fd,S33,1100,20160701,124221,48062900,2,0,6cf07546f9278b5fd00caa0319507f20,75e4b855a8b793b7295f2a6d1c7ac9fd
75e4b855a8b793b7295f2a6d1c7ac9fd,S33,50000,20160701,150037,48062900,2,0,4f7138ce0c5bd2efc267fbb04a238044,75e4b855a8b793b7295f2a6d1c7ac9fd
5a94bc9e25a6cbc95dad68fd97052d2d,S33,500,20160701,100149,48062900,2,0,a3f9466734601d8716a419174c803107,5a94bc9e25a6cbc95dad68fd97052d2d
b6fb05a1404378fdbd9ad61a0e4d4d4f,S33,500,20160701,152634,48062900,2,0,586f5a20b4a17f7b21b76396c30d329c,b6fb05a1404378fdbd9ad61a0e4d4d4f
75e4b855a8b793b7295f2a6d1c7ac9fd,S33,1100,20160701,125001,48062900,2,0,6cdce0902b09fdb33bdc3f99a6319609,75e4b855a8b793b7295f2a6d1c7ac9fd
2670fd7b035b5f284b4b555c3849e00f,S33,200000,20160701,182120,48062900,2,0,75e4b855a8b793b7295f2a6d1c7ac9fd,2670fd7b035b5f284b4b555c3849e00f
75e4b855a8b793b7295f2a6d1c7ac9fd,S33,500,20160701,160126,48062900,2,0,3d13b52c4dc8fa8c6d93a201d93deca5,75e4b855a8b793b7295f2a6d1c7ac9fd
75e4b855a8b793b7295f2a6d1c7ac9fd,S33,40000,20160701,153521,48062900,2,0,29c66d179e91887ee7cbc8eb2ef676b0,75e4b855a8b793b7295f2a6d1c7ac9fd
75e4b855a8b793b7295f2a6d1c7ac9fd,S33,40000,20160701,150053,48062900,2,0,22e1650eb49ae013ca70be47c3c66914,75e4b855a8b793b7295f2a6d1c7ac9fd
75e4b855a8b793b7295f2a6d1c7ac9fd,S33,1100,20160701,135951,48062900,2,0,66043e4458646b7b3041f6f034994c23,75e4b855a8b793b7295f2a6d1c7ac9fd
fe1aa3364bef0a889f4cdf924473f27e,S24,980253,20160701,163756,28360392,4,1,,
fc8e900a141abe9c721774da4a8f0bdf,S00,0,20160701,153218,162900,2,0,,
fc8e900a141abe9c721774da4a8f0bdf,S24,415955,20160701,165839,27180158,4,1,,
fc8e900a141abe9c721774da4a8f0bdf,S24,415955,20160701,165914,27180158,4,1,,
fc0b040df262df8780b704a794eeb17b,S00,0,20160701,142352,162900,2,0,,
fc0b040df262df8780b704a794eeb17b,S00,0,20160701,151149,162900,2,0,,
fc0b040df262df8780b704a794eeb17b,S03,500,20160701,142402,48066510,2,0,,
fc0b040df262df8780b704a794eeb17b,S03,500,20160701,151159,48066510,2,0,,
fc0b040df262df8780b704a794eeb17b,S24,993240,20160701,172235,26210392,4,1,,
fc0b040df262df8780b704a794eeb17b,S24,999727,20160701,172211,26210392,4,1,,
fbea037dbac57314b2285e8d0f941ad6,S22,1100,20160701,182225,48681210,2,0,,
fbea037dbac57314b2285e8d0f941ad6,S24,986740,20160701,193759,28360392,4,1,,
fa8f8dee3687ea7f37e44104c57367ce,S00,0,20160701,174440,162900,2,0,,
fa8f8dee3687ea7f37e44104c57367ce,S03,500,20160701,174450,48066510,2,0,,
fa8f8dee3687ea7f37e44104c57367ce,S24,7201,20160701,171338,26210392,4,1,,
f9f1d57d6032fd58ccf06c800ee5036a,S00,0,20160701,152315,162900,2,0,,
f9f1d57d6032fd58ccf06c800ee5036a,S24,415955,20160701,165957,27180158,4,1,,
f9f1d57d6032fd58ccf06c800ee5036a,S24,415955,20160701,170038,27180158,4,1,,
f4e5e0f0ba9f6a8e0c7d336eaf0b134e,S00,0,20160701,155209,162900,2,0,,
f4e5e0f0ba9f6a8e0c7d336eaf0b134e,S24,415955,20160701,170021,27180158,4,1,,
f4e5e0f0ba9f6a8e0c7d336eaf0b134e,S24,415955,20160701,165948,27180158,4,1,,
f487d1e61f8bdae4a8680d8b28d3987d,S24,986740,20160701,161851,28360392,4,1,,
f3494e017722f94148597437c40021ce,S00,0,20160701,150925,162900,2,0,,
f3494e017722f94148597437c40021ce,S24,414390,20160701,102008,27180158,4,1,,
f3494e017722f94148597437c40021ce,S24,414390,20160701,102043,27180158,4,1,,
f339aab928dbb58d91acf56e55ce5122,S24,7201,20160701,171702,26210392,4,1,,
f26b4fac6453cb769d848b1b4ad49d81,S00,0,20160701,151904,162900,2,0,,
f26b4fac6453cb769d848b1b4ad49d81,S24,415955,20160701,165605,27180158,4,1,,
f26b4fac6453cb769d848b1b4ad49d81,S24,415955,20160701,165651,27180158,4,1,,
f1b00607d47f40ff8fbf1669297ef25b,S24,7201,20160701,171244,26210392,4,1,,
f1840c70ff35b4a958f1ff5a8e79c3a5,S00,0,20160701,152813,162900,2,0,,
f1840c70ff35b4a958f1ff5a8e79c3a5,S03,500,20160701,152822,48066510,2,0,,
f1840c70ff35b4a958f1ff5a8e79c3a5,S24,325069,20160701,174121,26210392,4,1,,
f1840c70ff35b4a958f1ff5a8e79c3a5,S24,201814,20160701,174146,26210392,4,1,,
f1840c70ff35b4a958f1ff5a8e79c3a5,S24,454811,20160701,174053,26210392,4,1,,
eece1c909e5701600c67c93ebebe5e26,S00,0,20160701,90511,162900,2,0,,
ed31bf3db9619cfa12b1cfa89bfb6d4a,S24,986753,20160701,173630,26210392,4,1,,
ecd593252ba0670eb16b761228c1551c,S00,0,20160701,152618,162900,2,0,,
ecd593252ba0670eb16b761228c1551c,S03,500,20160701,152627,48066510,2,0,,
ecd593252ba0670eb16b761228c1551c,S24,7201,20160701,172534,26210392,4,1,,
ecd593252ba0670eb16b761228c1551c,S24,454811,20160701,172443,26210392,4,1,,
ecd593252ba0670eb16b761228c1551c,S24,7201,20160701,172559,26210392,4,1,,
ecd593252ba0670eb16b761228c1551c,S24,195327,20160701,172418,26210392,4,1,,
ecd593252ba0670eb16b761228c1551c,S24,325069,20160701,172508,26210392,4,1,,
ec17bb49f31bddaf576aa82f0e301864,S00,0,20160701,183913,162900,2,0,,
ec17bb49f31bddaf576aa82f0e301864,S00,0,20160701,174335,162900,2,0,,
ec17bb49f31bddaf576aa82f0e301864,S03,500,20160701,174345,48066510,2,0,,
ec17bb49f31bddaf576aa82f0e301864,S03,500,20160701,183922,48066510,2,0,,
ec17bb49f31bddaf576aa82f0e301864,S24,7201,20160701,171405,26210392,4,1,,
ea9d87ec9da97252527b4910f5cec47f,S22,1400,20160701,162145,48681430,2,0,,
ea9d87ec9da97252527b4910f5cec47f,S24,986740,20160701,190352,28360392,4,1,,
ea76fb31949edff094341ec6f5a7a55c,S00,0,20160701,153259,162900,2,0,,
ea76fb31949edff094341ec6f5a7a55c,S24,415955,20160701,165928,27180158,4,1,,
ea76fb31949edff094341ec6f5a7a55c,S24,415955,20160701,165853,27180158,4,1,,
e76d688591f2056f3b2fbba2640c70e1,S00,0,20160701,151135,162900,2,0,,
e76d688591f2056f3b2fbba2640c70e1,S00,0,20160701,151148,162900,2,0,,
e76d688591f2056f3b2fbba2640c70e1,S24,414390,20160701,103015,27180158,4,1,,
e76d688591f2056f3b2fbba2640c70e1,S24,414390,20160701,103048,27180158,4,1,,
e67da53e64ee10168a14d5b1bf44cdda,S00,0,20160701,153205,162900,2,0,,
e67da53e64ee10168a14d5b1bf44cdda,S24,415955,20160701,170142,27180158,4,1,,
e67da53e64ee10168a14d5b1bf44cdda,S24,415955,20160701,170113,27180158,4,1,,
e66ce38aec0474b9f86cfaaa07d44c6d,S00,0,20160701,152721,162900,2,0,,
e54d0437fbb02ffbb27117cb31e59b86,S22,1600,20160701,162106,48681460,2,0,,
e54d0437fbb02ffbb27117cb31e59b86,S24,980266,20160701,173524,26210392,4,1,,
e4aa4d43f47175b5bf3346163cac500a,S00,0,20160701,145648,162900,2,0,,
e4aa4d43f47175b5bf3346163cac500a,S24,414390,20160701,100752,27180158,4,1,,
e4aa4d43f47175b5bf3346163cac500a,S24,414390,20160701,100852,27180158,4,1,,
e474853b6519d86d41e64cf95187126d,S00,0,20160701,152951,162900,2,0,,
e474853b6519d86d41e64cf95187126d,S00,0,20160701,170949,162900,2,0,,
e474853b6519d86d41e64cf95187126d,S24,415955,20160701,171020,27180158,4,1,,
e474853b6519d86d41e64cf95187126d,S24,415955,20160701,170920,27180158,4,1,,
e4271157996742ee32b1bcf6da5de1f1,S00,0,20160701,152827,162900,2,0,,
e14b039c2352734ebca1b2b1250f06eb,S00,0,20160701,150025,162900,2,0,,
e14b039c2352734ebca1b2b1250f06eb,S24,414390,20160701,101625,27180158,4,1,,
e14b039c2352734ebca1b2b1250f06eb,S24,414390,20160701,101715,27180158,4,1,,
df6916f2fa670bada9dbd9efed3e5494,S22,1300,20160701,162338,48681430,2,0,,
df6916f2fa670bada9dbd9efed3e5494,S24,986740,20160701,192607,28360392,4,1,,
de60d2499079efb889ce0657e3e55b7b,S00,0,20160701,153134,162900,2,0,,
de60d2499079efb889ce0657e3e55b7b,S03,500,20160701,153144,48066510,2,0,,
de60d2499079efb889ce0657e3e55b7b,S24,7201,20160701,174503,26210392,4,1,,
de60d2499079efb889ce0657e3e55b7b,S24,325069,20160701,174432,26210392,4,1,,
de60d2499079efb889ce0657e3e55b7b,S24,195327,20160701,174342,26210392,4,1,,
de60d2499079efb889ce0657e3e55b7b,S24,454811,20160701,174405,26210392,4,1,,
da87470af3b675ca5968736ef0aa9aa0,S00,0,20160701,155338,162900,2,0,,
da87470af3b675ca5968736ef0aa9aa0,S24,415955,20160701,142518,27180158,4,1,,
da87470af3b675ca5968736ef0aa9aa0,S24,415955,20160701,142557,27180158,4,1,,
da4372d5a7b052b9e6687e5fc22b95e9,S22,1300,20160701,161959,48681460,2,0,,
da4372d5a7b052b9e6687e5fc22b95e9,S24,986753,20160701,173556,26210392,4,1,,
d7759a71b8ba7b10721558a467a53bb5,S00,0,20160701,90809,162900,2,0,,
d7759a71b8ba7b10721558a467a53bb5,S24,993227,20160701,152259,28360392,4,1,,
d7759a71b8ba7b10721558a467a53bb5,S24,986740,20160701,152327,28360392,4,1,,
d4e94f3aab5f51dbd236117825b225ea,S00,0,20160701,152025,162900,2,0,,
d4e94f3aab5f51dbd236117825b225ea,S00,0,20160701,152036,162900,2,0,,
d4e94f3aab5f51dbd236117825b225ea,S24,415955,20160701,165745,27180158,4,1,,
d4e94f3aab5f51dbd236117825b225ea,S24,415955,20160701,165815,27180158,4,1,,
d482538f4f0183d643f6529fbb95f1af,S24,986740,20160701,163603,28360392,4,1,,
d2675c9a2b6a174e01d8f81912b4fdd9,S24,7201,20160701,171455,26210392,4,1,,
d1ada0da40020ca45a51bd04cd0b4144,S24,7201,20160701,172002,26210392,4,1,,
d1065ef624e85dbba035ef4981bde8b2,S00,0,20160701,174036,162900,2,0,,
d1065ef624e85dbba035ef4981bde8b2,S00,0,20160701,174058,162900,2,0,,
d1065ef624e85dbba035ef4981bde8b2,S03,500,20160701,174046,48066510,2,0,,
d1065ef624e85dbba035ef4981bde8b2,S03,500,20160701,174108,48066510,2,0,,
d1065ef624e85dbba035ef4981bde8b2,S24,7201,20160701,171633,26210392,4,1,,
d1065ef624e85dbba035ef4981bde8b2,S24,986753,20160701,184435,26210392,4,1,,
d002d0af5e3d76a0bb66350a7f0f52ae,S00,0,20160701,145820,162900,2,0,,
d002d0af5e3d76a0bb66350a7f0f52ae,S24,414390,20160701,101555,27180158,4,1,,
d002d0af5e3d76a0bb66350a7f0f52ae,S24,414390,20160701,101523,27180158,4,1,,
cf5fd107a944e5c1f413bcd73c8a3fd0,S00,0,20160701,153056,162900,2,0,,
cf5fd107a944e5c1f413bcd73c8a3fd0,S03,500,20160701,153106,48066510,2,0,,
cf5fd107a944e5c1f413bcd73c8a3fd0,S24,325069,20160701,174516,26210392,4,1,,
cf5fd107a944e5c1f413bcd73c8a3fd0,S24,201814,20160701,174541,26210392,4,1,,
cf5fd107a944e5c1f413bcd73c8a3fd0,S24,454811,20160701,174448,26210392,4,1,,
cdfa4b74d5255cf9e1ff93ba45c2ea7c,S00,0,20160701,145610,162900,2,0,,
cdfa4b74d5255cf9e1ff93ba45c2ea7c,S24,414390,20160701,100916,27180158,4,1,,
cdfa4b74d5255cf9e1ff93ba45c2ea7c,S24,414390,20160701,100947,27180158,4,1,,
ca97ad349b812c0157eb4001dccf8aa9,S00,0,20160701,90332,162900,2,0,,
c7cd69fb458a1b467b533709e7e4479d,S00,0,20160701,152342,162900,2,0,,
c7cd69fb458a1b467b533709e7e4479d,S24,415955,20160701,165714,27180158,4,1,,
c7cd69fb458a1b467b533709e7e4479d,S24,415955,20160701,165756,27180158,4,1,,
c77320ae08d255b7d1b6252b1ae81e19,S00,0,20160701,174125,162900,2,0,,
c77320ae08d255b7d1b6252b1ae81e19,S03,500,20160701,174135,48066510,2,0,,
c77320ae08d255b7d1b6252b1ae81e19,S24,7201,20160701,171349,26210392,4,1,,
c77320ae08d255b7d1b6252b1ae81e19,S24,7201,20160701,171201,26210392,4,1,,
c77320ae08d255b7d1b6252b1ae81e19,S24,986753,20160701,184444,26210392,4,1,,
c47df5b3c0ff3c51f6c57625826982b9,S24,986740,20160701,163649,28360392,4,1,,
c47df5b3c0ff3c51f6c57625826982b9,S24,980253,20160701,163717,28360392,4,1,,
c301001083aefeb4f7c9e070dd975fde,S00,0,20160701,152801,162900,2,0,,
c301001083aefeb4f7c9e070dd975fde,S00,0,20160701,153002,162900,2,0,,
c301001083aefeb4f7c9e070dd975fde,S00,0,20160701,152954,162900,2,0,,
c301001083aefeb4f7c9e070dd975fde,S03,500,20160701,152809,48066510,2,0,,
c301001083aefeb4f7c9e070dd975fde,S03,500,20160701,153011,48066510,2,0,,
c2c49e7577e23b536754031cb1e3e782,S00,0,20160701,153123,162900,2,0,,
c2c49e7577e23b536754031cb1e3e782,S24,415955,20160701,165810,27180158,4,1,,
c2c49e7577e23b536754031cb1e3e782,S24,415955,20160701,165738,27180158,4,1,,
c215ed77cba84f9ae0c2c20102ceef01,S00,0,20160701,152918,162900,2,0,,
c215ed77cba84f9ae0c2c20102ceef01,S03,500,20160701,152927,48066510,2,0,,
c215ed77cba84f9ae0c2c20102ceef01,S24,72072,20160701,174117,26210392,4,1,,
c215ed77cba84f9ae0c2c20102ceef01,S24,454811,20160701,174028,26210392,4,1,,
c215ed77cba84f9ae0c2c20102ceef01,S24,454811,20160701,174005,26210392,4,1,,
c178b40f22b8c1ec32029bd755e912e9,S00,0,20160701,152408,162900,2,0,,
c178b40f22b8c1ec32029bd755e912e9,S24,415955,20160701,165926,27180158,4,1,,
c178b40f22b8c1ec32029bd755e912e9,S24,415955,20160701,165854,27180158,4,1,,
c04f2d9e3ccf72035536c0449894534f,S00,0,20160701,155448,162900,2,0,,
c04f2d9e3ccf72035536c0449894534f,S24,415955,20160701,142754,27180158,4,1,,
c04f2d9e3ccf72035536c0449894534f,S24,415955,20160701,142827,27180158,4,1,,
bf3fc9c96cfd2ef1a1974f62cb97394f,S24,7201,20160701,171639,26210392,4,1,,
bf28bd8b43e6c63728d121f8540896c1,S22,1100,20160701,155252,48681270,2,0,,
bf28bd8b43e6c63728d121f8540896c1,S24,493733,20160701,173550,26210392,4,1,,
bf28bd8b43e6c63728d121f8540896c1,S24,487246,20160701,173512,26210392,4,1,,
be45cafe6f2a6e95554707ec675c346b,S00,0,20160701,155519,162900,2,0,,
be45cafe6f2a6e95554707ec675c346b,S24,415955,20160701,142210,27180158,4,1,,
be45cafe6f2a6e95554707ec675c346b,S24,415955,20160701,142242,27180158,4,1,,
bb46d9765b0d31cc7c4d2e971917e379,S00,0,20160701,170003,162900,2,0,,
bb46d9765b0d31cc7c4d2e971917e379,S31,1389,20160701,104706,48021100,2,0,,
ba3d422330a6f0ad5114ca69dc086914,S24,7201,20160701,171143,26210392,4,1,,
b8e9341a2142e67a17061ccf2feae771,S00,0,20160701,151408,162900,2,0,,
b8e9341a2142e67a17061ccf2feae771,S24,414390,20160701,102626,27180158,4,1,,
b8e9341a2142e67a17061ccf2feae771,S24,414390,20160701,102723,27180158,4,1,,
b879bb4052c899856c547fb82a206b0a,S00,0,20160701,153649,162900,2,0,,
b879bb4052c899856c547fb82a206b0a,S00,0,20160701,154016,4437010,2,0,,
b879bb4052c899856c547fb82a206b0a,S00,0,20160701,153821,162900,2,0,,
b6fb05a1404378fdbd9ad61a0e4d4d4f,S00,0,20160701,90854,162900,2,0,,
b6fb05a1404378fdbd9ad61a0e4d4d4f,S24,986753,20160701,172311,26210392,4,1,,
b631e20e25f0cb089eb643837299594b,S00,0,20160701,152925,162900,2,0,,
b631e20e25f0cb089eb643837299594b,S24,415955,20160701,165902,27180158,4,1,,
b631e20e25f0cb089eb643837299594b,S24,415955,20160701,165826,27180158,4,1,,
b47335be0906117591cd92ff89025c9e,S00,0,20160701,174005,162900,2,0,,
b47335be0906117591cd92ff89025c9e,S03,500,20160701,174015,48066510,2,0,,
b47335be0906117591cd92ff89025c9e,S24,986753,20160701,184355,26210392,4,1,,
b47335be0906117591cd92ff89025c9e,S24,7201,20160701,171126,26210392,4,1,,
b2fe0c816eda34546207c0619da63b69,S22,900,20160701,182356,48681210,2,0,,
b2fe0c816eda34546207c0619da63b69,S24,973766,20160701,193847,28360392,4,1,,
b2b113b2f661653a98c53186a9f2aed9,S24,973766,20160701,153112,28360392,4,1,,
b19e08dbc3a84a9e40071ec2e243f616,S00,0,20160701,174236,162900,2,0,,
b19e08dbc3a84a9e40071ec2e243f616,S00,0,20160701,183758,162900,2,0,,
b19e08dbc3a84a9e40071ec2e243f616,S03,500,20160701,174246,48066510,2,0,,
b19e08dbc3a84a9e40071ec2e243f616,S03,500,20160701,183808,48066510,2,0,,
b19e08dbc3a84a9e40071ec2e243f616,S24,259971,20160701,194944,26110392,4,1,,
b19e08dbc3a84a9e40071ec2e243f616,S24,259971,20160701,194904,26110392,4,1,,
b19e08dbc3a84a9e40071ec2e243f616,S24,259971,20160701,195020,26110392,4,1,,
b19e08dbc3a84a9e40071ec2e243f616,S24,195100,20160701,195059,26110392,4,1,,
b19e08dbc3a84a9e40071ec2e243f616,S24,13675,20160701,195552,28360392,4,1,,
b19e08dbc3a84a9e40071ec2e243f616,S24,7201,20160701,171530,26210392,4,1,,
b097667f35fb47a0df2349b808221700,S00,0,20160701,174510,162900,2,0,,
b097667f35fb47a0df2349b808221700,S03,500,20160701,174520,48066510,2,0,,
b097667f35fb47a0df2349b808221700,S24,7201,20160701,171427,26210392,4,1,,
ad18be0649319d92a7ce4aad8ded6c94,S00,0,20160701,151649,162900,2,0,,
ad18be0649319d92a7ce4aad8ded6c94,S24,414390,20160701,103133,27180158,4,1,,
ad18be0649319d92a7ce4aad8ded6c94,S24,414390,20160701,103225,27180158,4,1,,
aa8f9e88f39459a6f2edf34e5d5944d8,S00,0,20160701,152845,162900,2,0,,
aa8f9e88f39459a6f2edf34e5d5944d8,S03,500,20160701,152854,48066510,2,0,,
aa8f9e88f39459a6f2edf34e5d5944d8,S24,195327,20160701,173954,26210392,4,1,,
aa8f9e88f39459a6f2edf34e5d5944d8,S24,454811,20160701,174018,26210392,4,1,,
aa8f9e88f39459a6f2edf34e5d5944d8,S24,7201,20160701,174107,26210392,4,1,,
aa8f9e88f39459a6f2edf34e5d5944d8,S24,325069,20160701,174040,26210392,4,1,,
a9dc715acfad75a1b4b544509f4cadbe,S24,7201,20160701,171621,26210392,4,1,,
a9744930dfa1266faff349909b5844b1,S00,0,20160701,145156,162900,2,0,,
a9744930dfa1266faff349909b5844b1,S24,414390,20160701,102159,27180158,4,1,,
a9744930dfa1266faff349909b5844b1,S24,414390,20160701,102122,27180158,4,1,,
a7b80b8a73496a9120f6cf48e58f8670,S00,0,20160701,171857,48501100,2,0,,
a6cc25c5059ff8dbf2eaff3fdfa00986,S00,0,20160701,151015,162900,2,0,,
a6cc25c5059ff8dbf2eaff3fdfa00986,S24,414390,20160701,102052,27180158,4,1,,
a6cc25c5059ff8dbf2eaff3fdfa00986,S24,414390,20160701,102130,27180158,4,1,,
a69f9c94e40bcd41de4754f8c0f5a843,S00,0,20160701,155311,162900,2,0,,
a69f9c94e40bcd41de4754f8c0f5a843,S24,415955,20160701,165925,27180158,4,1,,
a69f9c94e40bcd41de4754f8c0f5a843,S24,415955,20160701,165849,27180158,4,1,,
a65f164ffc50b71736846885f999a45e,S24,986740,20160701,164850,28360392,4,1,,
a621fc29cdfce7e4ce1227d40fd07f07,S24,980253,20160701,163921,28360392,4,1,,
a5f3869050d04e5f369ed74ef8382c28,S24,980253,20160701,163838,28360392,4,1,,
a5108fb1e402d7578720e301c27c4574,S00,0,20160701,151227,162900,2,0,,
a5108fb1e402d7578720e301c27c4574,S24,414390,20160701,104121,27180158,4,1,,
a5108fb1e402d7578720e301c27c4574,S24,414390,20160701,104028,27180158,4,1,,
a493b849c9d0f063b0f885e87900768c,S00,0,20160701,100622,162900,2,0,,
a493b849c9d0f063b0f885e87900768c,S24,414390,20160701,103435,27180158,4,1,,
a493b849c9d0f063b0f885e87900768c,S24,414390,20160701,103505,27180158,4,1,,
a4107204be8e36ae4a020369373fa041,S00,0,20160701,174426,162900,2,0,,
a4107204be8e36ae4a020369373fa041,S03,500,20160701,174435,48066510,2,0,,
a4107204be8e36ae4a020369373fa041,S24,7201,20160701,171412,26210392,4,1,,
a3f9466734601d8716a419174c803107,S00,0,20160701,145932,162900,2,0,,
a3f9466734601d8716a419174c803107,S24,414390,20160701,104137,27180158,4,1,,
a3f9466734601d8716a419174c803107,S24,414390,20160701,104107,27180158,4,1,,
a3f9466734601d8716a419174c803107,S24,414390,20160701,104041,27180158,4,1,,
9f01c6f07efa2c5d3f75bf63a59dbeeb,S00,0,20160701,151336,162900,2,0,,
9f01c6f07efa2c5d3f75bf63a59dbeeb,S24,414390,20160701,102942,27180158,4,1,,
9f01c6f07efa2c5d3f75bf63a59dbeeb,S24,414390,20160701,103038,27180158,4,1,,
9cf79e531c8c7a106c78bac14579574b,S00,0,20160701,174112,162900,2,0,,
9cf79e531c8c7a106c78bac14579574b,S03,500,20160701,174121,48066510,2,0,,
9cf79e531c8c7a106c78bac14579574b,S24,7201,20160701,171152,26210392,4,1,,
9cf79e531c8c7a106c78bac14579574b,S24,986753,20160701,184412,26210392,4,1,,
9ce201e5f7021d7bda78fd909996b655,S00,0,20160701,153657,162900,2,0,,
9ce201e5f7021d7bda78fd909996b655,S00,0,20160701,154556,162900,2,0,,
9ce201e5f7021d7bda78fd909996b655,S24,415955,20160701,142641,27180158,4,1,,
9ce201e5f7021d7bda78fd909996b655,S24,415955,20160701,142713,27180158,4,1,,
9c0d73ce66aeac4cafb35f9cdf865974,S00,0,20160701,145807,162900,2,0,,
9c0d73ce66aeac4cafb35f9cdf865974,S24,414390,20160701,100643,27180158,4,1,,
9c0d73ce66aeac4cafb35f9cdf865974,S24,414390,20160701,100713,27180158,4,1,,
9aca2e240506a23bc4f82998dbf33717,S00,0,20160701,155245,162900,2,0,,
9aca2e240506a23bc4f82998dbf33717,S24,415955,20160701,165515,27180158,4,1,,
9aca2e240506a23bc4f82998dbf33717,S24,415955,20160701,165428,27180158,4,1,,
97a4d74505881f72152eba632d0836e0,S00,0,20160701,153314,162900,2,0,,
97a4d74505881f72152eba632d0836e0,S03,500,20160701,153325,48066510,2,0,,
97a4d74505881f72152eba632d0836e0,S24,993240,20160701,174528,26210392,4,1,,
97283efd952f80b7a4d44a9593c8bc81,S00,0,20160701,151328,162900,2,0,,
97283efd952f80b7a4d44a9593c8bc81,S00,0,20160701,142549,162900,2,0,,
97283efd952f80b7a4d44a9593c8bc81,S03,500,20160701,142559,48066510,2,0,,
97283efd952f80b7a4d44a9593c8bc81,S24,993240,20160701,172335,26210392,4,1,,
9633c9bd73b58dddf637ad5b23097f58,S00,0,20160701,150052,162900,2,0,,
9633c9bd73b58dddf637ad5b23097f58,S24,414390,20160701,102245,27180158,4,1,,
9633c9bd73b58dddf637ad5b23097f58,S24,414390,20160701,102207,27180158,4,1,,
958becc4851393170284e693c4cdfe20,S00,0,20160701,150602,162900,2,0,,
91bc21b0af1a6633bbbe513520380cdd,S00,0,20160701,154517,162900,2,0,,
91bc21b0af1a6633bbbe513520380cdd,S00,0,20160701,154528,162900,2,0,,
91bc21b0af1a6633bbbe513520380cdd,S00,0,20160701,153722,162900,2,0,,
91bc21b0af1a6633bbbe513520380cdd,S24,415955,20160701,143243,27180158,4,1,,
91bc21b0af1a6633bbbe513520380cdd,S24,415955,20160701,143349,27180158,4,1,,
9185564d092d516cc6a19ac478437832,S00,0,20160701,152700,162900,2,0,,
9185564d092d516cc6a19ac478437832,S03,500,20160701,152711,48066510,2,0,,
9185564d092d516cc6a19ac478437832,S24,454811,20160701,173639,26210392,4,1,,
9185564d092d516cc6a19ac478437832,S24,325069,20160701,173703,26210392,4,1,,
9185564d092d516cc6a19ac478437832,S24,7201,20160701,173724,26210392,4,1,,
9185564d092d516cc6a19ac478437832,S24,195327,20160701,173619,26210392,4,1,,
916ddb2e3a43830375d3fa3ddff6d245,S22,1200,20160701,162234,48681430,2,0,,
916ddb2e3a43830375d3fa3ddff6d245,S24,986740,20160701,190314,28360392,4,1,,
8f8395dae673fd0a58d56a03762f990c,S00,0,20160701,160456,26460392,4,1,,
8f8395dae673fd0a58d56a03762f990c,S24,6974,20160701,160517,26460392,4,1,,
8f49ac75c7646664b1ab0a0e7aa582bf,S24,7201,20160701,171556,26210392,4,1,,
8e2b1760637847a35740a8c60be74080,S00,0,20160701,174140,162900,2,0,,
8e2b1760637847a35740a8c60be74080,S03,500,20160701,174149,48066510,2,0,,
8e2b1760637847a35740a8c60be74080,S24,7201,20160701,171604,26210392,4,1,,
8e2b1760637847a35740a8c60be74080,S24,986753,20160701,184514,26210392,4,1,,
88de7065be623a093d21b6f0a4c1d0f7,S00,0,20160701,90740,162900,2,0,,
88de7065be623a093d21b6f0a4c1d0f7,S24,7188,20160701,151236,28360392,4,1,,
88de7065be623a093d21b6f0a4c1d0f7,S24,986740,20160701,151005,28360392,4,1,,
88de7065be623a093d21b6f0a4c1d0f7,S24,993227,20160701,150920,28360392,4,1,,
88d027db96550e78fc4f8edf444e7f40,S00,0,20160701,150710,162900,2,0,,
88d027db96550e78fc4f8edf444e7f40,S24,414390,20160701,104221,27180158,4,1,,
88d027db96550e78fc4f8edf444e7f40,S24,414390,20160701,104253,27180158,4,1,,
842983a5b63ac5928e36a6abbcd3c269,S00,0,20160701,153952,162900,2,0,,
842983a5b63ac5928e36a6abbcd3c269,S00,0,20160701,151442,162900,2,0,,
842983a5b63ac5928e36a6abbcd3c269,S24,415955,20160701,153555,27180158,4,1,,
842983a5b63ac5928e36a6abbcd3c269,S24,103989,20160701,154411,27180158,4,1,,
842983a5b63ac5928e36a6abbcd3c269,S24,103989,20160701,153726,27180158,4,1,,
842983a5b63ac5928e36a6abbcd3c269,S24,207195,20160701,105226,27180158,4,1,,
842983a5b63ac5928e36a6abbcd3c269,S24,103989,20160701,112132,27180158,4,1,,
842983a5b63ac5928e36a6abbcd3c269,S24,103989,20160701,153649,27180158,4,1,,
81b1e204246d2aba0dbe9669053b6156,S24,7201,20160701,171215,26210392,4,1,,
8043eb5be0057cf1e09057c24b91dda3,S00,0,20160701,145918,162900,2,0,,
8043eb5be0057cf1e09057c24b91dda3,S24,414390,20160701,101021,27180158,4,1,,
8043eb5be0057cf1e09057c24b91dda3,S24,414390,20160701,101119,27180158,4,1,,
7e9eb3f360bd8546afc4095f4a42267e,S00,0,20160701,151226,162900,2,0,,
7e9eb3f360bd8546afc4095f4a42267e,S24,993240,20160701,172303,26210392,4,1,,
7e9eb3f360bd8546afc4095f4a42267e,S24,986753,20160701,172332,26210392,4,1,,
7e9eb3f360bd8546afc4095f4a42267e,S24,999727,20160701,172236,26210392,4,1,,
77a49444302091accf95f8495718a987,S24,415955,20160701,154239,27180158,4,1,,
77a49444302091accf95f8495718a987,S24,415955,20160701,154205,27180158,4,1,,
75e4b855a8b793b7295f2a6d1c7ac9fd,S00,0,20160701,155605,162900,2,0,,
75e4b855a8b793b7295f2a6d1c7ac9fd,S00,0,20160701,152110,162900,2,0,,
75e4b855a8b793b7295f2a6d1c7ac9fd,S00,0,20160701,153455,162900,2,0,,
75e4b855a8b793b7295f2a6d1c7ac9fd,S00,0,20160701,141054,162900,2,0,,
75e4b855a8b793b7295f2a6d1c7ac9fd,S00,0,20160701,155649,162900,2,0,,
75e4b855a8b793b7295f2a6d1c7ac9fd,S00,0,20160701,150531,162900,2,0,,
74831128b3ff0780ebe19d19d4625a94,S00,0,20160701,152732,162900,2,0,,
74831128b3ff0780ebe19d19d4625a94,S03,500,20160701,152740,48066510,2,0,,
74831128b3ff0780ebe19d19d4625a94,S24,201814,20160701,174008,26210392,4,1,,
74831128b3ff0780ebe19d19d4625a94,S24,454811,20160701,173845,26210392,4,1,,
74831128b3ff0780ebe19d19d4625a94,S24,208301,20160701,173940,26210392,4,1,,
74831128b3ff0780ebe19d19d4625a94,S24,325069,20160701,173913,26210392,4,1,,
7440956036efe966c4c327e1a3e48885,S00,0,20160701,174018,162900,2,0,,
7440956036efe966c4c327e1a3e48885,S03,500,20160701,174028,48066510,2,0,,
7440956036efe966c4c327e1a3e48885,S24,986753,20160701,184343,26210392,4,1,,
7440956036efe966c4c327e1a3e48885,S24,7201,20160701,171133,26210392,4,1,,
7394f486b4e71c3ce0576caa5ab5a90f,S00,0,20160701,150855,162900,2,0,,
7394f486b4e71c3ce0576caa5ab5a90f,S24,414390,20160701,102227,27180158,4,1,,
7394f486b4e71c3ce0576caa5ab5a90f,S24,414390,20160701,102539,27180158,4,1,,
7394f486b4e71c3ce0576caa5ab5a90f,S24,414390,20160701,102446,27180158,4,1,,
7179f2007f1a5464ae5c325e0ee06416,S00,0,20160701,150116,162900,2,0,,
7179f2007f1a5464ae5c325e0ee06416,S24,414390,20160701,102857,27180158,4,1,,
7179f2007f1a5464ae5c325e0ee06416,S24,414390,20160701,102934,27180158,4,1,,
71049400aaaa01e79883dfa5fe3fe413,S00,0,20160701,145720,162900,2,0,,
71049400aaaa01e79883dfa5fe3fe413,S00,0,20160701,145753,162900,2,0,,
71049400aaaa01e79883dfa5fe3fe413,S24,414390,20160701,100755,27180158,4,1,,
71049400aaaa01e79883dfa5fe3fe413,S24,414390,20160701,100837,27180158,4,1,,
70c4aca8e3b1e14bede59770649da825,S24,7201,20160701,171711,26210392,4,1,,
6ef42a766da011927354c130572082a0,S00,0,20160701,151105,162900,2,0,,
6ef42a766da011927354c130572082a0,S00,0,20160701,151055,162900,2,0,,
6ef42a766da011927354c130572082a0,S24,414390,20160701,104832,27180158,4,1,,
6ef42a766da011927354c130572082a0,S24,414390,20160701,104759,27180158,4,1,,
6ec954ba050058d9ea0beb26cda04536,S00,0,20160701,145904,162900,2,0,,
6ec954ba050058d9ea0beb26cda04536,S24,414390,20160701,101628,27180158,4,1,,
6ec954ba050058d9ea0beb26cda04536,S24,414390,20160701,101703,27180158,4,1,,
6cf07546f9278b5fd00caa0319507f20,S00,0,20160701,152650,162900,2,0,,
6cdce0902b09fdb33bdc3f99a6319609,S00,0,20160701,151523,162900,2,0,,
6cdce0902b09fdb33bdc3f99a6319609,S24,415955,20160701,165709,27180158,4,1,,
6cdce0902b09fdb33bdc3f99a6319609,S24,415955,20160701,165742,27180158,4,1,,
6c5c43700cc0eb8f8ced0e9865ed5f81,S24,986753,20160701,162703,26210392,4,1,,
6c5c43700cc0eb8f8ced0e9865ed5f81,S24,7201,20160701,162728,26210392,4,1,,
6c2cbee3d53e593497df46ceeecc9df5,S00,0,20160701,135519,48681210,2,0,,
6c2cbee3d53e593497df46ceeecc9df5,S22,800,20160701,135548,48681210,2,0,,
6c2481491c5ea342ca53acb5ba2f72c7,S00,0,20160701,183853,162900,2,0,,
6c2481491c5ea342ca53acb5ba2f72c7,S22,1200,20160701,182306,48681210,2,0,,
6c2481491c5ea342ca53acb5ba2f72c7,S22,1200,20160701,184105,48681210,2,0,,
6c2481491c5ea342ca53acb5ba2f72c7,S24,986740,20160701,211535,28360392,4,1,,
6b949cc794ee41271e2f93795b75f852,S00,0,20160701,153600,162900,2,0,,
6b949cc794ee41271e2f93795b75f852,S24,415955,20160701,142607,27180158,4,1,,
6b949cc794ee41271e2f93795b75f852,S24,415955,20160701,142702,27180158,4,1,,
69a747a85aed6e74aa2c73383b0e0028,S00,0,20160701,90729,162900,2,0,,
69a747a85aed6e74aa2c73383b0e0028,S24,986740,20160701,150919,28360392,4,1,,
694acaddc0e9508dd786a87f7c67a4d9,S00,0,20160701,174618,162900,2,0,,
694acaddc0e9508dd786a87f7c67a4d9,S03,500,20160701,174628,48066510,2,0,,
694acaddc0e9508dd786a87f7c67a4d9,S24,7201,20160701,171310,26210392,4,1,,
68bf14b4342cfe9346852bdc2346ccb1,S00,0,20160701,153242,162900,2,0,,
68bf14b4342cfe9346852bdc2346ccb1,S24,415955,20160701,170009,27180158,4,1,,
68bf14b4342cfe9346852bdc2346ccb1,S24,415955,20160701,170040,27180158,4,1,,
68b19487a71c32027dff432cc1873e20,S24,7201,20160701,171525,26210392,4,1,,
66e432e50f199a4e2ddbf8a911a97c73,S00,0,20160701,152900,162900,2,0,,
66e432e50f199a4e2ddbf8a911a97c73,S03,500,20160701,152915,48066510,2,0,,
66e432e50f199a4e2ddbf8a911a97c73,S24,325069,20160701,174336,26210392,4,1,,
66e432e50f199a4e2ddbf8a911a97c73,S24,201814,20160701,174406,26210392,4,1,,
66e432e50f199a4e2ddbf8a911a97c73,S24,454811,20160701,174311,26210392,4,1,,
66043e4458646b7b3041f6f034994c23,S00,0,20160701,153403,162900,2,0,,
66043e4458646b7b3041f6f034994c23,S24,415955,20160701,142359,27180158,4,1,,
66043e4458646b7b3041f6f034994c23,S24,415955,20160701,142440,27180158,4,1,,
659f049c09bba82c244a173ab3c23502,S00,0,20160701,172105,48501100,2,0,,
64af8b36852557df97e3c9bd3aa1f59c,S00,0,20160701,174216,162900,2,0,,
64af8b36852557df97e3c9bd3aa1f59c,S03,500,20160701,174227,48066510,2,0,,
64af8b36852557df97e3c9bd3aa1f59c,S24,7201,20160701,171230,26210392,4,1,,
64af8b36852557df97e3c9bd3aa1f59c,S24,986753,20160701,184658,26210392,4,1,,
6496f9760f0cef795f8d2d47d0635512,S31,283570,20160701,120443,4101131,2,0,,
642d8a974b8c37f0121caeaf31c86091,S24,999727,20160701,172531,26210392,4,1,,
635f3f481faa7f491b03bd145e0d1e2e,S00,0,20160701,153534,162900,2,0,,
635f3f481faa7f491b03bd145e0d1e2e,S24,415955,20160701,142057,27180158,4,1,,
635f3f481faa7f491b03bd145e0d1e2e,S24,415955,20160701,142130,27180158,4,1,,
626d03124929736701a320fe82dc5d60,S00,0,20160701,151714,162900,2,0,,
626d03124929736701a320fe82dc5d60,S00,0,20160701,151728,162900,2,0,,
626d03124929736701a320fe82dc5d60,S00,0,20160701,142608,162900,2,0,,
626d03124929736701a320fe82dc5d60,S03,500,20160701,142619,48066510,2,0,,
626d03124929736701a320fe82dc5d60,S03,500,20160701,151738,48066510,2,0,,
6108d426f40e147bb1e2c042374679aa,S00,0,20160701,153150,162900,2,0,,
6108d426f40e147bb1e2c042374679aa,S03,500,20160701,153200,48066510,2,0,,
6108d426f40e147bb1e2c042374679aa,S24,325069,20160701,174651,26210392,4,1,,
6108d426f40e147bb1e2c042374679aa,S24,201814,20160701,174719,26210392,4,1,,
6108d426f40e147bb1e2c042374679aa,S24,454811,20160701,174625,26210392,4,1,,
5fd2fb6b22a0783223274e5c6fe3d426,S00,0,20160701,142739,162900,2,0,,
5fd2fb6b22a0783223274e5c6fe3d426,S00,0,20160701,151509,162900,2,0,,
5fd2fb6b22a0783223274e5c6fe3d426,S00,0,20160701,142630,162900,2,0,,
5fd2fb6b22a0783223274e5c6fe3d426,S00,0,20160701,142854,162900,2,0,,
5fd2fb6b22a0783223274e5c6fe3d426,S03,500,20160701,142904,48066510,2,0,,
5fd2fb6b22a0783223274e5c6fe3d426,S03,500,20160701,151520,48066510,2,0,,
5fd2fb6b22a0783223274e5c6fe3d426,S03,500,20160701,142640,48066510,2,0,,
5fc7206def3e91751c4b5abe67022afa,S00,0,20160701,153257,162900,2,0,,
5fc7206def3e91751c4b5abe67022afa,S03,500,20160701,153307,48066510,2,0,,
5fc7206def3e91751c4b5abe67022afa,S24,993227,20160701,174435,28360392,4,1,,
5a3cd52ce2a27edfacc9779f645d2ff9,S24,986740,20160701,164936,28360392,4,1,,
5a3cd52ce2a27edfacc9779f645d2ff9,S24,980253,20160701,165038,28360392,4,1,,
586f5a20b4a17f7b21b76396c30d329c,S00,0,20160701,90832,162900,2,0,,
586f5a20b4a17f7b21b76396c30d329c,S24,986753,20160701,172220,26210392,4,1,,
5806ee53f0e17a92371d6787729e13b2,S00,0,20160701,183813,162900,2,0,,
5806ee53f0e17a92371d6787729e13b2,S00,0,20160701,174254,162900,2,0,,
5806ee53f0e17a92371d6787729e13b2,S03,500,20160701,183823,48066510,2,0,,
5806ee53f0e17a92371d6787729e13b2,S03,500,20160701,174304,48066510,2,0,,
5806ee53f0e17a92371d6787729e13b2,S24,7201,20160701,171331,26210392,4,1,,
5806ee53f0e17a92371d6787729e13b2,S24,986740,20160701,195504,28360392,4,1,,
5646e06780e97f5376f85dd947af2656,S00,0,20160701,152607,162900,2,0,,
5646e06780e97f5376f85dd947af2656,S00,0,20160701,154719,162900,2,0,,
5646e06780e97f5376f85dd947af2656,S00,0,20160701,154143,162900,2,0,,
5646e06780e97f5376f85dd947af2656,S00,0,20160701,154321,162900,2,0,,
5646e06780e97f5376f85dd947af2656,S00,0,20160701,154345,162900,2,0,,
5646e06780e97f5376f85dd947af2656,S00,0,20160701,153749,162900,2,0,,
5646e06780e97f5376f85dd947af2656,S24,415955,20160701,142918,27180158,4,1,,
5646e06780e97f5376f85dd947af2656,S24,207978,20160701,155046,27180158,4,1,,
5646e06780e97f5376f85dd947af2656,S24,207978,20160701,153919,27180158,4,1,,
5646e06780e97f5376f85dd947af2656,S24,207978,20160701,142954,27180158,4,1,,
5646e06780e97f5376f85dd947af2656,S24,207978,20160701,154532,27180158,4,1,,
525a22f5394f4f983d6e3a11d6a365d5,S00,0,20160701,151308,162900,2,0,,
525a22f5394f4f983d6e3a11d6a365d5,S24,414390,20160701,102740,27180158,4,1,,
525a22f5394f4f983d6e3a11d6a365d5,S24,414390,20160701,102810,27180158,4,1,,
4f7138ce0c5bd2efc267fbb04a238044,S00,0,20160701,150012,162900,2,0,,
4f7138ce0c5bd2efc267fbb04a238044,S24,414390,20160701,105750,27180158,4,1,,
4f7138ce0c5bd2efc267fbb04a238044,S24,414390,20160701,105658,27180158,4,1,,
4f220beaad678eae65085f3e30439dec,S24,986753,20160701,171707,26210392,4,1,,
4eaccd06381d5f0675fde1be30168b9a,S00,0,20160701,152647,162900,2,0,,
4eaccd06381d5f0675fde1be30168b9a,S03,500,20160701,152657,48066510,2,0,,
4eaccd06381d5f0675fde1be30168b9a,S24,195327,20160701,173643,26210392,4,1,,
4eaccd06381d5f0675fde1be30168b9a,S24,454811,20160701,173545,26210392,4,1,,
4eaccd06381d5f0675fde1be30168b9a,S24,325069,20160701,173615,26210392,4,1,,
4eaccd06381d5f0675fde1be30168b9a,S24,7201,20160701,173712,26210392,4,1,,
4ea748596257b1972a035421bf922a01,S24,980253,20160701,161813,28360392,4,1,,
4dbb54852bc516a825630452e7b986ba,S00,0,20160701,150823,162900,2,0,,
4dbb54852bc516a825630452e7b986ba,S24,414390,20160701,105000,27180158,4,1,,
4dbb54852bc516a825630452e7b986ba,S24,414390,20160701,104908,27180158,4,1,,
4cd7209aaf9b0e2e1dc3df2240bf09b2,S00,0,20160701,152748,162900,2,0,,
4cd7209aaf9b0e2e1dc3df2240bf09b2,S03,500,20160701,152757,48066510,2,0,,
4cd7209aaf9b0e2e1dc3df2240bf09b2,S24,325069,20160701,173827,26210392,4,1,,
4cd7209aaf9b0e2e1dc3df2240bf09b2,S24,195327,20160701,173804,26210392,4,1,,
4cd7209aaf9b0e2e1dc3df2240bf09b2,S24,7201,20160701,173914,26210392,4,1,,
4cd7209aaf9b0e2e1dc3df2240bf09b2,S24,454811,20160701,173850,26210392,4,1,,
495659d6e69fd302847d49b1a8c8a22b,S00,0,20160701,151622,162900,2,0,,
495659d6e69fd302847d49b1a8c8a22b,S24,414390,20160701,102306,27180158,4,1,,
495659d6e69fd302847d49b1a8c8a22b,S24,414390,20160701,102356,27180158,4,1,,
48f2e88f570f5150e1643cb3dffbc741,S00,0,20160701,173348,48501100,2,0,,
48357f8253b305036122f866c3e20a27,S00,0,20160701,145235,162900,2,0,,
48357f8253b305036122f866c3e20a27,S00,0,20160701,145310,162900,2,0,,
48357f8253b305036122f866c3e20a27,S24,414390,20160701,100823,27180158,4,1,,
48357f8253b305036122f866c3e20a27,S24,414390,20160701,100906,27180158,4,1,,
4762c68a6296115a73299ea5fe250946,S00,0,20160701,153239,162900,2,0,,
4762c68a6296115a73299ea5fe250946,S03,500,20160701,153249,48066510,2,0,,
4762c68a6296115a73299ea5fe250946,S24,993240,20160701,174825,26210392,4,1,,
4604c30a226a4b03dd577f2a5b64650d,S00,0,20160701,153114,162900,2,0,,
4604c30a226a4b03dd577f2a5b64650d,S03,500,20160701,153123,48066510,2,0,,
4604c30a226a4b03dd577f2a5b64650d,S24,454811,20160701,174209,26210392,4,1,,
4604c30a226a4b03dd577f2a5b64650d,S24,454811,20160701,174146,26210392,4,1,,
4604c30a226a4b03dd577f2a5b64650d,S24,72072,20160701,174234,26210392,4,1,,
432f8e47a4474ba464ea8ce657e92f55,S00,0,20160701,90751,162900,2,0,,
432f8e47a4474ba464ea8ce657e92f55,S24,986740,20160701,151053,28360392,4,1,,
432f8e47a4474ba464ea8ce657e92f55,S24,7188,20160701,151204,28360392,4,1,,
4271ff39e2a7101fe4c26b368a1d84c0,S00,0,20160701,153340,162900,2,0,,
4271ff39e2a7101fe4c26b368a1d84c0,S00,0,20160701,154909,162900,2,0,,
4271ff39e2a7101fe4c26b368a1d84c0,S24,415955,20160701,142555,27180158,4,1,,
4271ff39e2a7101fe4c26b368a1d84c0,S24,415955,20160701,142523,27180158,4,1,,
404da2d2e783e17dab6c8f0d89aaf80d,S00,0,20160701,155133,162900,2,0,,
404da2d2e783e17dab6c8f0d89aaf80d,S24,415955,20160701,170121,27180158,4,1,,
404da2d2e783e17dab6c8f0d89aaf80d,S24,415955,20160701,170152,27180158,4,1,,
3d749593f0a5ff8e7a486007af2c0d52,S24,986753,20160701,173631,26210392,4,1,,
3d13b52c4dc8fa8c6d93a201d93deca5,S00,0,20160701,151555,162900,2,0,,
3d13b52c4dc8fa8c6d93a201d93deca5,S24,415955,20160701,165735,27180158,4,1,,
3d13b52c4dc8fa8c6d93a201d93deca5,S24,415955,20160701,165809,27180158,4,1,,
3d0d4156a10300e942915afcb08f943e,S00,0,20160701,153628,162900,2,0,,
3d0d4156a10300e942915afcb08f943e,S00,0,20160701,154824,162900,2,0,,
3d0d4156a10300e942915afcb08f943e,S24,415955,20160701,142800,27180158,4,1,,
3d0d4156a10300e942915afcb08f943e,S24,415955,20160701,142857,27180158,4,1,,
3cd83a32c63814bd18167d94ce4c8aa4,S00,0,20160701,151801,162900,2,0,,
3cd83a32c63814bd18167d94ce4c8aa4,S00,0,20160701,151750,162900,2,0,,
3cd83a32c63814bd18167d94ce4c8aa4,S24,207978,20160701,154039,27180158,4,1,,
3cd83a32c63814bd18167d94ce4c8aa4,S24,415955,20160701,153947,27180158,4,1,,
3cd83a32c63814bd18167d94ce4c8aa4,S24,207978,20160701,160652,27180158,4,1,,
3a937831addd69fc31dd72f7dccb44ed,S00,0,20160701,152633,162900,2,0,,
3a937831addd69fc31dd72f7dccb44ed,S03,500,20160701,152642,48066510,2,0,,
3a937831addd69fc31dd72f7dccb44ed,S24,195327,20160701,173531,26210392,4,1,,
3a937831addd69fc31dd72f7dccb44ed,S24,325069,20160701,173507,26210392,4,1,,
3a937831addd69fc31dd72f7dccb44ed,S24,454811,20160701,173439,26210392,4,1,,
3a937831addd69fc31dd72f7dccb44ed,S24,7201,20160701,183731,26210392,4,1,,
3a404f19671dc84d37aa6be999cd2044,S24,7201,20160701,171553,26210392,4,1,,
38d7cca58973f4fd0af0d6b8df417109,S00,0,20160701,152436,162900,2,0,,
36d28dd35222b96d9d0af6c40021d6bd,S00,0,20160701,125140,3085512,2,0,,
36d28dd35222b96d9d0af6c40021d6bd,S00,0,20160701,125120,3085510,1,0,,
35f191143583484798553db4ec4dd31b,S00,0,20160701,152800,162900,2,0,,
31ca34ee1935b70cc54cc40411354dab,S00,0,20160701,150756,162900,2,0,,
31ca34ee1935b70cc54cc40411354dab,S24,414390,20160701,103205,27180158,4,1,,
31ca34ee1935b70cc54cc40411354dab,S24,414390,20160701,103241,27180158,4,1,,
31ca34ee1935b70cc54cc40411354dab,S24,414390,20160701,103133,27180158,4,1,,
3187521e553c9cdb52468b78d2ac38fe,S00,0,20160701,152717,162900,2,0,,
3187521e553c9cdb52468b78d2ac38fe,S03,500,20160701,152727,48066510,2,0,,
3187521e553c9cdb52468b78d2ac38fe,S24,325069,20160701,173631,26210392,4,1,,
3187521e553c9cdb52468b78d2ac38fe,S24,454811,20160701,173605,26210392,4,1,,
3187521e553c9cdb52468b78d2ac38fe,S24,201814,20160701,173657,26210392,4,1,,
308b6b2abb0532648e6431ab907269bc,S00,0,20160701,151907,162900,2,0,,
308b6b2abb0532648e6431ab907269bc,S00,0,20160701,151447,162900,2,0,,
308b6b2abb0532648e6431ab907269bc,S03,500,20160701,151916,48066510,2,0,,
308b6b2abb0532648e6431ab907269bc,S03,500,20160701,151458,48066510,2,0,,
308b6b2abb0532648e6431ab907269bc,S24,993240,20160701,172306,26210392,4,1,,
3046521746833410e7a29ea864660f38,S00,0,20160701,152940,162900,2,0,,
3046521746833410e7a29ea864660f38,S03,500,20160701,152949,48066510,2,0,,
3046521746833410e7a29ea864660f38,S24,195327,20160701,174134,26210392,4,1,,
3046521746833410e7a29ea864660f38,S24,454811,20160701,174154,26210392,4,1,,
3046521746833410e7a29ea864660f38,S24,325069,20160701,174218,26210392,4,1,,
3046521746833410e7a29ea864660f38,S24,7201,20160701,174241,26210392,4,1,,
29ffada1c7f876b517648d3df91129d8,S24,7201,20160701,171500,26210392,4,1,,
29f923c8c6c4ca72f977b565a5916e54,S24,414390,20160701,83701,27180158,4,1,,
29f754bd3ed99f3dccfcb839ce49d2b2,S00,0,20160701,174405,162900,2,0,,
29f754bd3ed99f3dccfcb839ce49d2b2,S03,500,20160701,174414,48066510,2,0,,
29f754bd3ed99f3dccfcb839ce49d2b2,S24,7201,20160701,171357,26210392,4,1,,
29c66d179e91887ee7cbc8eb2ef676b0,S00,0,20160701,153503,162900,2,0,,
29c66d179e91887ee7cbc8eb2ef676b0,S24,415955,20160701,142707,27180158,4,1,,
29c66d179e91887ee7cbc8eb2ef676b0,S24,415955,20160701,142631,27180158,4,1,,
299f2ba0f3f5e832d79b8143e1512816,S24,7201,20160701,171924,26210392,4,1,,
2912d722c3a52e5d7658b7f9d93a4ce9,S24,7201,20160701,171501,26210392,4,1,,
2912d722c3a52e5d7658b7f9d93a4ce9,S24,7201,20160701,171432,26210392,4,1,,
2813645b1b6c62cdea4d70bc79cd5ba0,S00,0,20160701,152827,162900,2,0,,
2813645b1b6c62cdea4d70bc79cd5ba0,S03,500,20160701,152838,48066510,2,0,,
2813645b1b6c62cdea4d70bc79cd5ba0,S24,72072,20160701,173852,26210392,4,1,,
2813645b1b6c62cdea4d70bc79cd5ba0,S24,454811,20160701,173804,26210392,4,1,,
2813645b1b6c62cdea4d70bc79cd5ba0,S24,454811,20160701,173828,26210392,4,1,,
245952f53b6fbd1f4cee78609e710ccf,S00,0,20160701,151036,162900,2,0,,
245952f53b6fbd1f4cee78609e710ccf,S00,0,20160701,142236,162900,2,0,,
245952f53b6fbd1f4cee78609e710ccf,S03,500,20160701,151045,48066510,2,0,,
245952f53b6fbd1f4cee78609e710ccf,S03,500,20160701,142246,48066510,2,0,,
245952f53b6fbd1f4cee78609e710ccf,S24,993240,20160701,162305,26210392,4,1,,
23eb094c3cc6e706eb9cd0a30c163abe,S22,1000,20160701,182433,48681210,2,0,,
23eb094c3cc6e706eb9cd0a30c163abe,S24,973766,20160701,193925,28360392,4,1,,
23b11bae7494fa0e5c4a35f215d0856b,S00,0,20160701,151011,162900,2,0,,
23b11bae7494fa0e5c4a35f215d0856b,S00,0,20160701,142146,162900,2,0,,
23b11bae7494fa0e5c4a35f215d0856b,S03,500,20160701,142156,48066510,2,0,,
23b11bae7494fa0e5c4a35f215d0856b,S03,500,20160701,151021,48066510,2,0,,
2353fa8f746416aeff9bc23f0111f32d,S00,0,20160701,150230,162900,2,0,,
2353fa8f746416aeff9bc23f0111f32d,S24,414390,20160701,101846,27180158,4,1,,
2353fa8f746416aeff9bc23f0111f32d,S24,414390,20160701,101924,27180158,4,1,,
22e1650eb49ae013ca70be47c3c66914,S00,0,20160701,150038,162900,2,0,,
22e1650eb49ae013ca70be47c3c66914,S24,414390,20160701,102618,27180158,4,1,,
22e1650eb49ae013ca70be47c3c66914,S24,414390,20160701,102653,27180158,4,1,,
227ca0d4a7af8444e7b3b1eb901b07a5,S00,0,20160701,85216,162900,2,0,,
22271316e8b7e522dd89bd91f6f32d44,S24,7201,20160701,171647,26210392,4,1,,
213d9ad2a16c06258e71bc93139ee242,S00,0,20160701,144956,162900,2,0,,
213d9ad2a16c06258e71bc93139ee242,S24,414390,20160701,101240,27180158,4,1,,
213d9ad2a16c06258e71bc93139ee242,S24,414390,20160701,101209,27180158,4,1,,
1dd026b547e50002d5cc44de26aaca40,S24,414390,20160701,84607,27180158,4,1,,
1dd026b547e50002d5cc44de26aaca40,S24,414390,20160701,100321,27180158,4,1,,
1dadb41ce5747023f19dd3488955c5a6,S00,0,20160701,152857,162900,2,0,,
1d5f45491e9be676e38ac9d6c05776f5,S00,0,20160701,142527,162900,2,0,,
1d5f45491e9be676e38ac9d6c05776f5,S00,0,20160701,151418,162900,2,0,,
1d5f45491e9be676e38ac9d6c05776f5,S00,0,20160701,151305,162900,2,0,,
1d5f45491e9be676e38ac9d6c05776f5,S00,0,20160701,151314,162900,2,0,,
1d5f45491e9be676e38ac9d6c05776f5,S03,500,20160701,142536,48066510,2,0,,
1d5f45491e9be676e38ac9d6c05776f5,S03,500,20160701,151428,48066510,2,0,,
1c7461909ad2e848fe0ab5e0affd847b,S00,0,20160701,174155,162900,2,0,,
1c7461909ad2e848fe0ab5e0affd847b,S03,500,20160701,174204,48066510,2,0,,
1c7461909ad2e848fe0ab5e0affd847b,S24,986753,20160701,184628,26210392,4,1,,
1c7461909ad2e848fe0ab5e0affd847b,S24,7201,20160701,171237,26210392,4,1,,
1c4e5b993282b4a9e08cbf38f49920fe,S00,0,20160701,151838,162900,2,0,,
1c4e5b993282b4a9e08cbf38f49920fe,S24,311966,20160701,161513,27180158,4,1,,
1c4e5b993282b4a9e08cbf38f49920fe,S24,103989,20160701,165627,27180158,4,1,,
1c4e5b993282b4a9e08cbf38f49920fe,S24,415955,20160701,165552,27180158,4,1,,
1b0aaf2cc34c6d3321cec8f3131cc84b,S00,0,20160701,115220,14191100,2,0,,
1b0aaf2cc34c6d3321cec8f3131cc84b,S24,100000,20160701,115235,14191100,2,0,,
1ae8e00a1704293b54e783adcbdd04e4,S00,0,20160701,183841,162900,2,0,,
1ae8e00a1704293b54e783adcbdd04e4,S00,0,20160701,193745,162900,2,0,,
1ae8e00a1704293b54e783adcbdd04e4,S00,0,20160701,174349,162900,2,0,,
1ae8e00a1704293b54e783adcbdd04e4,S00,0,20160701,200428,162900,2,0,,
1ae8e00a1704293b54e783adcbdd04e4,S03,500,20160701,174359,48066510,2,0,,
1ae8e00a1704293b54e783adcbdd04e4,S03,500,20160701,193756,48066510,2,0,,
1ae8e00a1704293b54e783adcbdd04e4,S03,500,20160701,183850,48066510,2,0,,
1ae8e00a1704293b54e783adcbdd04e4,S24,7201,20160701,171327,26210392,4,1,,
19fd067bb00914028c88674d57de2224,S00,0,20160701,150143,162900,2,0,,
19fd067bb00914028c88674d57de2224,S24,414390,20160701,105941,27180158,4,1,,
19fd067bb00914028c88674d57de2224,S24,414390,20160701,105849,27180158,4,1,,
17002cca434f45b8734be7ec9052851e,S00,0,20160701,90614,162900,2,0,,
17002cca434f45b8734be7ec9052851e,S24,993240,20160701,131625,26210392,4,1,,
14a18b5e92a6e5ac33a1adeecf842b93,S00,0,20160701,145631,162900,2,0,,
14a18b5e92a6e5ac33a1adeecf842b93,S24,414390,20160701,102704,27180158,4,1,,
14a18b5e92a6e5ac33a1adeecf842b93,S24,414390,20160701,102632,27180158,4,1,,
119135b9ee7a095c9c886642c10f9c15,S00,0,20160701,174526,162900,2,0,,
119135b9ee7a095c9c886642c10f9c15,S03,500,20160701,174535,48066510,2,0,,
119135b9ee7a095c9c886642c10f9c15,S24,7201,20160701,171436,26210392,4,1,,
0fce1530f630e50fcaad3e9dc31d9955,S24,414390,20160701,83828,27180158,4,1,,
0ec75fae11651e7659e64de048099e87,S24,980253,20160701,152800,28360392,4,1,,
0dfcdfbc276e3ab383a395e9320a6c70,S24,7201,20160701,171532,26210392,4,1,,
0b958af95c9aba4f8857fb75f5d1b4d1,S00,0,20160701,160415,26460392,4,1,,
09bbdb40d9399ee0cf56ffa45949df4c,S00,0,20160701,145953,162900,2,0,,
09bbdb40d9399ee0cf56ffa45949df4c,S24,414390,20160701,102743,27180158,4,1,,
09bbdb40d9399ee0cf56ffa45949df4c,S24,414390,20160701,102815,27180158,4,1,,
08b589b5cbe76fbe0d401c947d6e63ff,S00,0,20160701,183827,162900,2,0,,
08b589b5cbe76fbe0d401c947d6e63ff,S00,0,20160701,174311,162900,2,0,,
08b589b5cbe76fbe0d401c947d6e63ff,S03,500,20160701,183837,48066510,2,0,,
08b589b5cbe76fbe0d401c947d6e63ff,S03,500,20160701,174320,48066510,2,0,,
08b589b5cbe76fbe0d401c947d6e63ff,S24,7201,20160701,171257,26210392,4,1,,
08b589b5cbe76fbe0d401c947d6e63ff,S24,986753,20160701,201843,26210392,4,1,,
05aa7ed12511dcf19b2a1a386ecebf83,S24,7201,20160701,171617,26210392,4,1,,
04c2bec8b7836db6c0b4cefd20aabdee,S00,0,20160701,90842,162900,2,0,,
04c2bec8b7836db6c0b4cefd20aabdee,S24,986753,20160701,172246,26210392,4,1,,
0135fa2d321f42cbb65d5e5f6e5a0d25,S00,0,20160701,144930,162900,2,0,,
0135fa2d321f42cbb65d5e5f6e5a0d25,S24,414390,20160701,101853,27180158,4,1,,
0135fa2d321f42cbb65d5e5f6e5a0d25,S24,414390,20160701,101750,27180158,4,1,,
