75e4b855a8b793b7295f2a6d1c7ac9fd,124,1100,S33,,2,0,e67da53e64ee10168a14d5b1bf44cdda,75e4b855a8b793b7295f2a6d1c7ac9fd
75e4b855a8b793b7295f2a6d1c7ac9fd,173,100,S33,,2,0,e4271157996742ee32b1bcf6da5de1f1,75e4b855a8b793b7295f2a6d1c7ac9fd
75e4b855a8b793b7295f2a6d1c7ac9fd,153,35000,S33,,2,0,4271ff39e2a7101fe4c26b368a1d84c0,75e4b855a8b793b7295f2a6d1c7ac9fd
75e4b855a8b793b7295f2a6d1c7ac9fd,151,30000,S33,,2,0,a6cc25c5059ff8dbf2eaff3fdfa00986,75e4b855a8b793b7295f2a6d1c7ac9fd
75e4b855a8b793b7295f2a6d1c7ac9fd,100,1000,S33,,2,0,31ca34ee1935b70cc54cc40411354dab,75e4b855a8b793b7295f2a6d1c7ac9fd
75e4b855a8b793b7295f2a6d1c7ac9fd,100,1000,S33,,2,0,e14b039c2352734ebca1b2b1250f06eb,75e4b855a8b793b7295f2a6d1c7ac9fd
48357f8253b305036122f866c3e20a27,95,100,S33,,2,0,e862b6f96737c8a2a68ae907b15c397f,48357f8253b305036122f866c3e20a27
75e4b855a8b793b7295f2a6d1c7ac9fd,161,300,S33,,2,0,f9f1d57d6032fd58ccf06c800ee5036a,75e4b855a8b793b7295f2a6d1c7ac9fd
75e4b855a8b793b7295f2a6d1c7ac9fd,151,26000,S33,,2,0,3d13b52c4dc8fa8c6d93a201d93deca5,75e4b855a8b793b7295f2a6d1c7ac9fd
75e4b855a8b793b7295f2a6d1c7ac9fd,85,500,S33,,2,0,d002d0af5e3d76a0bb66350a7f0f52ae,75e4b855a8b793b7295f2a6d1c7ac9fd
75e4b855a8b793b7295f2a6d1c7ac9fd,101,500,S33,,2,0,38d7cca58973f4fd0af0d6b8df417109,75e4b855a8b793b7295f2a6d1c7ac9fd
75e4b855a8b793b7295f2a6d1c7ac9fd,141,1000,S33,,2,0,404da2d2e783e17dab6c8f0d89aaf80d,75e4b855a8b793b7295f2a6d1c7ac9fd
5a94bc9e25a6cbc95dad68fd97052d2d,95,500,S33,,2,0,cdfa4b74d5255cf9e1ff93ba45c2ea7c,5a94bc9e25a6cbc95dad68fd97052d2d
5a94bc9e25a6cbc95dad68fd97052d2d,101,500,S33,,2,0,1c4e5b993282b4a9e08cbf38f49920fe,5a94bc9e25a6cbc95dad68fd97052d2d
75e4b855a8b793b7295f2a6d1c7ac9fd,150,50000,S33,,2,0,a3f9466734601d8716a419174c803107,75e4b855a8b793b7295f2a6d1c7ac9fd
75e4b855a8b793b7295f2a6d1c7ac9fd,151,52000,S33,,2,0,9f01c6f07efa2c5d3f75bf63a59dbeeb,75e4b855a8b793b7295f2a6d1c7ac9fd
75e4b855a8b793b7295f2a6d1c7ac9fd,85,500,S33,,2,0,9c0d73ce66aeac4cafb35f9cdf865974,75e4b855a8b793b7295f2a6d1c7ac9fd
75e4b855a8b793b7295f2a6d1c7ac9fd,153,40000,S33,,2,0,66043e4458646b7b3041f6f034994c23,75e4b855a8b793b7295f2a6d1c7ac9fd
75e4b855a8b793b7295f2a6d1c7ac9fd,153,300,S33,,2,0,77a49444302091accf95f8495718a987,75e4b855a8b793b7295f2a6d1c7ac9fd
75e4b855a8b793b7295f2a6d1c7ac9fd,160,300,S33,,2,0,fc8e900a141abe9c721774da4a8f0bdf,75e4b855a8b793b7295f2a6d1c7ac9fd
75e4b855a8b793b7295f2a6d1c7ac9fd,152,30000,S33,,2,0,e66ce38aec0474b9f86cfaaa07d44c6d,75e4b855a8b793b7295f2a6d1c7ac9fd
75e4b855a8b793b7295f2a6d1c7ac9fd,153,300,S33,,2,0,842983a5b63ac5928e36a6abbcd3c269,75e4b855a8b793b7295f2a6d1c7ac9fd
75e4b855a8b793b7295f2a6d1c7ac9fd,154,300,S33,,2,0,38d7cca58973f4fd0af0d6b8df417109,75e4b855a8b793b7295f2a6d1c7ac9fd
75e4b855a8b793b7295f2a6d1c7ac9fd,124,1200,S33,,2,0,f9f1d57d6032fd58ccf06c800ee5036a,75e4b855a8b793b7295f2a6d1c7ac9fd
75e4b855a8b793b7295f2a6d1c7ac9fd,141,1000,S33,,2,0,9ce201e5f7021d7bda78fd909996b655,75e4b855a8b793b7295f2a6d1c7ac9fd
04c2bec8b7836db6c0b4cefd20aabdee,151,500,S33,,2,0,586f5a20b4a17f7b21b76396c30d329c,04c2bec8b7836db6c0b4cefd20aabdee
69a747a85aed6e74aa2c73383b0e0028,135,300,S33,,2,0,432f8e47a4474ba464ea8ce657e92f55,69a747a85aed6e74aa2c73383b0e0028
75e4b855a8b793b7295f2a6d1c7ac9fd,153,45000,S33,,2,0,3d0d4156a10300e942915afcb08f943e,75e4b855a8b793b7295f2a6d1c7ac9fd
75e4b855a8b793b7295f2a6d1c7ac9fd,101,1000,S33,,2,0,b8e9341a2142e67a17061ccf2feae771,75e4b855a8b793b7295f2a6d1c7ac9fd
75e4b855a8b793b7295f2a6d1c7ac9fd,141,1000,S33,,2,0,f4e5e0f0ba9f6a8e0c7d336eaf0b134e,75e4b855a8b793b7295f2a6d1c7ac9fd
75e4b855a8b793b7295f2a6d1c7ac9fd,124,1100,S33,,2,0,1c4e5b993282b4a9e08cbf38f49920fe,75e4b855a8b793b7295f2a6d1c7ac9fd
75e4b855a8b793b7295f2a6d1c7ac9fd,112,500,S33,,2,0,e4271157996742ee32b1bcf6da5de1f1,75e4b855a8b793b7295f2a6d1c7ac9fd
75e4b855a8b793b7295f2a6d1c7ac9fd,124,1100,S33,,2,0,e4271157996742ee32b1bcf6da5de1f1,75e4b855a8b793b7295f2a6d1c7ac9fd
d7759a71b8ba7b10721558a467a53bb5,141,500,S33,,2,0,586f5a20b4a17f7b21b76396c30d329c,d7759a71b8ba7b10721558a467a53bb5
75e4b855a8b793b7295f2a6d1c7ac9fd,160,300,S33,,2,0,c2c49e7577e23b536754031cb1e3e782,75e4b855a8b793b7295f2a6d1c7ac9fd
75e4b855a8b793b7295f2a6d1c7ac9fd,101,500,S33,,2,0,e66ce38aec0474b9f86cfaaa07d44c6d,75e4b855a8b793b7295f2a6d1c7ac9fd
75e4b855a8b793b7295f2a6d1c7ac9fd,100,1000,S33,,2,0,2353fa8f746416aeff9bc23f0111f32d,75e4b855a8b793b7295f2a6d1c7ac9fd
586f5a20b4a17f7b21b76396c30d329c,152,200,S33,,2,0,5c1b20ff5bb24adc3e43edb8a7eff8b9,586f5a20b4a17f7b21b76396c30d329c
17945d8adb8f53b23b3f2bfbe4740e4f,101,500,S33,,2,0,a493b849c9d0f063b0f885e87900768c,17945d8adb8f53b23b3f2bfbe4740e4f
75e4b855a8b793b7295f2a6d1c7ac9fd,124,1100,S33,,2,0,c2c49e7577e23b536754031cb1e3e782,75e4b855a8b793b7295f2a6d1c7ac9fd
75e4b855a8b793b7295f2a6d1c7ac9fd,140,1300,S33,,2,0,3d0d4156a10300e942915afcb08f943e,75e4b855a8b793b7295f2a6d1c7ac9fd
75e4b855a8b793b7295f2a6d1c7ac9fd,153,300,S33,,2,0,c178b40f22b8c1ec32029bd755e912e9,75e4b855a8b793b7295f2a6d1c7ac9fd
9452052d5a338c811050e4a8663258b8,84,500,S33,,2,0,1dd026b547e50002d5cc44de26aaca40,9452052d5a338c811050e4a8663258b8
75e4b855a8b793b7295f2a6d1c7ac9fd,155,27000,S33,,2,0,9aca2e240506a23bc4f82998dbf33717,75e4b855a8b793b7295f2a6d1c7ac9fd
75e4b855a8b793b7295f2a6d1c7ac9fd,145,50000,S33,,2,0,cdfa4b74d5255cf9e1ff93ba45c2ea7c,75e4b855a8b793b7295f2a6d1c7ac9fd
75e4b855a8b793b7295f2a6d1c7ac9fd,154,300,S33,,2,0,6cf07546f9278b5fd00caa0319507f20,75e4b855a8b793b7295f2a6d1c7ac9fd
75e4b855a8b793b7295f2a6d1c7ac9fd,160,300,S33,,2,0,c2c49e7577e23b536754031cb1e3e782,75e4b855a8b793b7295f2a6d1c7ac9fd
75e4b855a8b793b7295f2a6d1c7ac9fd,100,1000,S33,,2,0,31ca34ee1935b70cc54cc40411354dab,75e4b855a8b793b7295f2a6d1c7ac9fd
75e4b855a8b793b7295f2a6d1c7ac9fd,153,45000,S33,,2,0,9ce201e5f7021d7bda78fd909996b655,75e4b855a8b793b7295f2a6d1c7ac9fd
75e4b855a8b793b7295f2a6d1c7ac9fd,160,300,S33,,2,0,9aca2e240506a23bc4f82998dbf33717,75e4b855a8b793b7295f2a6d1c7ac9fd
75e4b855a8b793b7295f2a6d1c7ac9fd,124,1100,S33,,2,0,842983a5b63ac5928e36a6abbcd3c269,75e4b855a8b793b7295f2a6d1c7ac9fd
75e4b855a8b793b7295f2a6d1c7ac9fd,160,300,S33,,2,0,e474853b6519d86d41e64cf95187126d,75e4b855a8b793b7295f2a6d1c7ac9fd
75e4b855a8b793b7295f2a6d1c7ac9fd,173,200,S33,,2,0,35f191143583484798553db4ec4dd31b,75e4b855a8b793b7295f2a6d1c7ac9fd
75e4b855a8b793b7295f2a6d1c7ac9fd,85,500,S33,,2,0,71049400aaaa01e79883dfa5fe3fe413,75e4b855a8b793b7295f2a6d1c7ac9fd
75e4b855a8b793b7295f2a6d1c7ac9fd,152,30000,S33,,2,0,35f191143583484798553db4ec4dd31b,75e4b855a8b793b7295f2a6d1c7ac9fd
75e4b855a8b793b7295f2a6d1c7ac9fd,152,40000,S33,,2,0,d4e94f3aab5f51dbd236117825b225ea,75e4b855a8b793b7295f2a6d1c7ac9fd
586f5a20b4a17f7b21b76396c30d329c,152,200,S33,,2,0,d0dd23a114a1cd8dcf29dd3c9974b1a1,586f5a20b4a17f7b21b76396c30d329c
75e4b855a8b793b7295f2a6d1c7ac9fd,155,27000,S33,,2,0,a69f9c94e40bcd41de4754f8c0f5a843,75e4b855a8b793b7295f2a6d1c7ac9fd
75e4b855a8b793b7295f2a6d1c7ac9fd,100,1000,S33,,2,0,958becc4851393170284e693c4cdfe20,75e4b855a8b793b7295f2a6d1c7ac9fd
75e4b855a8b793b7295f2a6d1c7ac9fd,155,27000,S33,,2,0,f4e5e0f0ba9f6a8e0c7d336eaf0b134e,75e4b855a8b793b7295f2a6d1c7ac9fd
75e4b855a8b793b7295f2a6d1c7ac9fd,141,1000,S33,,2,0,da87470af3b675ca5968736ef0aa9aa0,75e4b855a8b793b7295f2a6d1c7ac9fd
b879bb4052c899856c547fb82a206b0a,153,2200,S33,,2,0,4a5bbf6c0ccce26f6e68a095098910e7,b879bb4052c899856c547fb82a206b0a
5a94bc9e25a6cbc95dad68fd97052d2d,95,500,S33,,2,0,d002d0af5e3d76a0bb66350a7f0f52ae,5a94bc9e25a6cbc95dad68fd97052d2d
5a94bc9e25a6cbc95dad68fd97052d2d,100,500,S33,,2,0,09bbdb40d9399ee0cf56ffa45949df4c,5a94bc9e25a6cbc95dad68fd97052d2d
75e4b855a8b793b7295f2a6d1c7ac9fd,101,500,S33,,2,0,a6cc25c5059ff8dbf2eaff3fdfa00986,75e4b855a8b793b7295f2a6d1c7ac9fd
75e4b855a8b793b7295f2a6d1c7ac9fd,150,20000,S33,,2,0,958becc4851393170284e693c4cdfe20,75e4b855a8b793b7295f2a6d1c7ac9fd
75e4b855a8b793b7295f2a6d1c7ac9fd,101,500,S33,,2,0,c7cd69fb458a1b467b533709e7e4479d,75e4b855a8b793b7295f2a6d1c7ac9fd
75e4b855a8b793b7295f2a6d1c7ac9fd,100,1000,S33,,2,0,88d027db96550e78fc4f8edf444e7f40,75e4b855a8b793b7295f2a6d1c7ac9fd
75e4b855a8b793b7295f2a6d1c7ac9fd,145,55000,S33,,2,0,8043eb5be0057cf1e09057c24b91dda3,75e4b855a8b793b7295f2a6d1c7ac9fd
75e4b855a8b793b7295f2a6d1c7ac9fd,160,500,S33,,2,0,ea76fb31949edff094341ec6f5a7a55c,75e4b855a8b793b7295f2a6d1c7ac9fd
88de7065be623a093d21b6f0a4c1d0f7,135,300,S33,,2,0,69a747a85aed6e74aa2c73383b0e0028,88de7065be623a093d21b6f0a4c1d0f7
75e4b855a8b793b7295f2a6d1c7ac9fd,112,500,S33,,2,0,e474853b6519d86d41e64cf95187126d,75e4b855a8b793b7295f2a6d1c7ac9fd
75e4b855a8b793b7295f2a6d1c7ac9fd,155,38000,S33,,2,0,da87470af3b675ca5968736ef0aa9aa0,75e4b855a8b793b7295f2a6d1c7ac9fd
586f5a20b4a17f7b21b76396c30d329c,155,500,S33,,2,0,04c2bec8b7836db6c0b4cefd20aabdee,586f5a20b4a17f7b21b76396c30d329c
75e4b855a8b793b7295f2a6d1c7ac9fd,173,200,S33,,2,0,e66ce38aec0474b9f86cfaaa07d44c6d,75e4b855a8b793b7295f2a6d1c7ac9fd
75e4b855a8b793b7295f2a6d1c7ac9fd,160,300,S33,,2,0,b631e20e25f0cb089eb643837299594b,75e4b855a8b793b7295f2a6d1c7ac9fd
75e4b855a8b793b7295f2a6d1c7ac9fd,101,1000,S33,,2,0,7394f486b4e71c3ce0576caa5ab5a90f,75e4b855a8b793b7295f2a6d1c7ac9fd
6496f9760f0cef795f8d2d47d0635512,184,1000,S33,,2,0,eae05d5a594f973cf386870d6d11ecc3,6496f9760f0cef795f8d2d47d0635512
75e4b855a8b793b7295f2a6d1c7ac9fd,101,500,S33,,2,0,e76d688591f2056f3b2fbba2640c70e1,75e4b855a8b793b7295f2a6d1c7ac9fd
75e4b855a8b793b7295f2a6d1c7ac9fd,150,50000,S33,,2,0,f3494e017722f94148597437c40021ce,75e4b855a8b793b7295f2a6d1c7ac9fd
5a94bc9e25a6cbc95dad68fd97052d2d,95,500,S33,,2,0,71049400aaaa01e79883dfa5fe3fe413,5a94bc9e25a6cbc95dad68fd97052d2d
75e4b855a8b793b7295f2a6d1c7ac9fd,153,40000,S33,,2,0,91bc21b0af1a6633bbbe513520380cdd,75e4b855a8b793b7295f2a6d1c7ac9fd
6496f9760f0cef795f8d2d47d0635512,184,800,S33,,2,0,62462cdc7bd4093848cc48dd45dad0a5,6496f9760f0cef795f8d2d47d0635512
75e4b855a8b793b7295f2a6d1c7ac9fd,141,1000,S33,,2,0,a69f9c94e40bcd41de4754f8c0f5a843,75e4b855a8b793b7295f2a6d1c7ac9fd
d7759a71b8ba7b10721558a467a53bb5,141,500,S33,,2,0,04c2bec8b7836db6c0b4cefd20aabdee,d7759a71b8ba7b10721558a467a53bb5
0135fa2d321f42cbb65d5e5f6e5a0d25,95,100,S33,,2,0,a9744930dfa1266faff349909b5844b1,0135fa2d321f42cbb65d5e5f6e5a0d25
75e4b855a8b793b7295f2a6d1c7ac9fd,150,50000,S33,,2,0,7394f486b4e71c3ce0576caa5ab5a90f,75e4b855a8b793b7295f2a6d1c7ac9fd
04c2bec8b7836db6c0b4cefd20aabdee,152,500,S33,,2,0,b6fb05a1404378fdbd9ad61a0e4d4d4f,04c2bec8b7836db6c0b4cefd20aabdee
75e4b855a8b793b7295f2a6d1c7ac9fd,101,500,S33,,2,0,c178b40f22b8c1ec32029bd755e912e9,75e4b855a8b793b7295f2a6d1c7ac9fd
69a747a85aed6e74aa2c73383b0e0028,123,200,S33,,2,0,994297a794bec5aade9fbb57aa622964,69a747a85aed6e74aa2c73383b0e0028
75e4b855a8b793b7295f2a6d1c7ac9fd,140,1200,S33,,2,0,635f3f481faa7f491b03bd145e0d1e2e,75e4b855a8b793b7295f2a6d1c7ac9fd
75e4b855a8b793b7295f2a6d1c7ac9fd,152,40000,S33,,2,0,38d7cca58973f4fd0af0d6b8df417109,75e4b855a8b793b7295f2a6d1c7ac9fd
75e4b855a8b793b7295f2a6d1c7ac9fd,112,500,S33,,2,0,3d13b52c4dc8fa8c6d93a201d93deca5,75e4b855a8b793b7295f2a6d1c7ac9fd
75e4b855a8b793b7295f2a6d1c7ac9fd,152,40000,S33,,2,0,6cf07546f9278b5fd00caa0319507f20,75e4b855a8b793b7295f2a6d1c7ac9fd
75e4b855a8b793b7295f2a6d1c7ac9fd,151,60000,S33,,2,0,842983a5b63ac5928e36a6abbcd3c269,75e4b855a8b793b7295f2a6d1c7ac9fd
75e4b855a8b793b7295f2a6d1c7ac9fd,151,45000,S33,,2,0,6ef42a766da011927354c130572082a0,75e4b855a8b793b7295f2a6d1c7ac9fd
75e4b855a8b793b7295f2a6d1c7ac9fd,100,1000,S33,,2,0,22e1650eb49ae013ca70be47c3c66914,75e4b855a8b793b7295f2a6d1c7ac9fd
75e4b855a8b793b7295f2a6d1c7ac9fd,125,1100,S33,,2,0,3d13b52c4dc8fa8c6d93a201d93deca5,75e4b855a8b793b7295f2a6d1c7ac9fd
75e4b855a8b793b7295f2a6d1c7ac9fd,145,50000,S33,,2,0,d002d0af5e3d76a0bb66350a7f0f52ae,75e4b855a8b793b7295f2a6d1c7ac9fd
75e4b855a8b793b7295f2a6d1c7ac9fd,161,300,S33,,2,0,d4e94f3aab5f51dbd236117825b225ea,75e4b855a8b793b7295f2a6d1c7ac9fd
d57294a06c230679d3352f48321b7ff0,95,100,S33,,2,0,1dd026b547e50002d5cc44de26aaca40,d57294a06c230679d3352f48321b7ff0
75e4b855a8b793b7295f2a6d1c7ac9fd,155,27000,S33,,2,0,404da2d2e783e17dab6c8f0d89aaf80d,75e4b855a8b793b7295f2a6d1c7ac9fd
75e4b855a8b793b7295f2a6d1c7ac9fd,101,1000,S33,,2,0,6cdce0902b09fdb33bdc3f99a6319609,75e4b855a8b793b7295f2a6d1c7ac9fd
6bc8b61af09a56e55484b30ab3c2e6de,154,600,S33,,2,0,ab4d1b39e342cd635807e1f0228b658f,6bc8b61af09a56e55484b30ab3c2e6de
5a94bc9e25a6cbc95dad68fd97052d2d,100,500,S33,,2,0,6ec954ba050058d9ea0beb26cda04536,5a94bc9e25a6cbc95dad68fd97052d2d
5a94bc9e25a6cbc95dad68fd97052d2d,100,500,S33,,2,0,a3f9466734601d8716a419174c803107,5a94bc9e25a6cbc95dad68fd97052d2d
69a747a85aed6e74aa2c73383b0e0028,135,300,S33,,2,0,88de7065be623a093d21b6f0a4c1d0f7,69a747a85aed6e74aa2c73383b0e0028
75e4b855a8b793b7295f2a6d1c7ac9fd,124,1100,S33,,2,0,fc8e900a141abe9c721774da4a8f0bdf,75e4b855a8b793b7295f2a6d1c7ac9fd
75e4b855a8b793b7295f2a6d1c7ac9fd,100,1000,S33,,2,0,19fd067bb00914028c88674d57de2224,75e4b855a8b793b7295f2a6d1c7ac9fd
75e4b855a8b793b7295f2a6d1c7ac9fd,124,1100,S33,,2,0,f26b4fac6453cb769d848b1b4ad49d81,75e4b855a8b793b7295f2a6d1c7ac9fd
75e4b855a8b793b7295f2a6d1c7ac9fd,101,500,S33,,2,0,f3494e017722f94148597437c40021ce,75e4b855a8b793b7295f2a6d1c7ac9fd
75e4b855a8b793b7295f2a6d1c7ac9fd,141,1000,S33,,2,0,c04f2d9e3ccf72035536c0449894534f,75e4b855a8b793b7295f2a6d1c7ac9fd
75e4b855a8b793b7295f2a6d1c7ac9fd,160,500,S33,,2,0,6cdce0902b09fdb33bdc3f99a6319609,75e4b855a8b793b7295f2a6d1c7ac9fd
75e4b855a8b793b7295f2a6d1c7ac9fd,151,45000,S33,,2,0,a5108fb1e402d7578720e301c27c4574,75e4b855a8b793b7295f2a6d1c7ac9fd
75e4b855a8b793b7295f2a6d1c7ac9fd,101,500,S33,,2,0,6ef42a766da011927354c130572082a0,75e4b855a8b793b7295f2a6d1c7ac9fd
d7632a7a60171ac4079133e5c88f4d4e,123,500,S33,,2,0,69a747a85aed6e74aa2c73383b0e0028,d7632a7a60171ac4079133e5c88f4d4e
75e4b855a8b793b7295f2a6d1c7ac9fd,145,50000,S33,,2,0,6ec954ba050058d9ea0beb26cda04536,75e4b855a8b793b7295f2a6d1c7ac9fd
586f5a20b4a17f7b21b76396c30d329c,155,200,S33,,2,0,04c2bec8b7836db6c0b4cefd20aabdee,586f5a20b4a17f7b21b76396c30d329c
75e4b855a8b793b7295f2a6d1c7ac9fd,101,1000,S33,,2,0,a5108fb1e402d7578720e301c27c4574,75e4b855a8b793b7295f2a6d1c7ac9fd
75e4b855a8b793b7295f2a6d1c7ac9fd,141,1000,S33,,2,0,9aca2e240506a23bc4f82998dbf33717,75e4b855a8b793b7295f2a6d1c7ac9fd
75e4b855a8b793b7295f2a6d1c7ac9fd,150,40000,S33,,2,0,31ca34ee1935b70cc54cc40411354dab,75e4b855a8b793b7295f2a6d1c7ac9fd
75e4b855a8b793b7295f2a6d1c7ac9fd,145,50000,S33,,2,0,9c0d73ce66aeac4cafb35f9cdf865974,75e4b855a8b793b7295f2a6d1c7ac9fd
75e4b855a8b793b7295f2a6d1c7ac9fd,85,500,S33,,2,0,e4aa4d43f47175b5bf3346163cac500a,75e4b855a8b793b7295f2a6d1c7ac9fd
75e4b855a8b793b7295f2a6d1c7ac9fd,101,1000,S33,,2,0,ad18be0649319d92a7ce4aad8ded6c94,75e4b855a8b793b7295f2a6d1c7ac9fd
75e4b855a8b793b7295f2a6d1c7ac9fd,150,50000,S33,,2,0,7179f2007f1a5464ae5c325e0ee06416,75e4b855a8b793b7295f2a6d1c7ac9fd
75e4b855a8b793b7295f2a6d1c7ac9fd,90,16000,S33,,2,0,ca97ad349b812c0157eb4001dccf8aa9,75e4b855a8b793b7295f2a6d1c7ac9fd
75e4b855a8b793b7295f2a6d1c7ac9fd,124,1100,S33,,2,0,d4e94f3aab5f51dbd236117825b225ea,75e4b855a8b793b7295f2a6d1c7ac9fd
75e4b855a8b793b7295f2a6d1c7ac9fd,150,50000,S33,,2,0,09bbdb40d9399ee0cf56ffa45949df4c,75e4b855a8b793b7295f2a6d1c7ac9fd
75e4b855a8b793b7295f2a6d1c7ac9fd,101,1000,S33,,2,0,842983a5b63ac5928e36a6abbcd3c269,75e4b855a8b793b7295f2a6d1c7ac9fd
213d9ad2a16c06258e71bc93139ee242,95,100,S33,,2,0,0135fa2d321f42cbb65d5e5f6e5a0d25,213d9ad2a16c06258e71bc93139ee242
75e4b855a8b793b7295f2a6d1c7ac9fd,152,40000,S33,,2,0,c178b40f22b8c1ec32029bd755e912e9,75e4b855a8b793b7295f2a6d1c7ac9fd
75e4b855a8b793b7295f2a6d1c7ac9fd,173,200,S33,,2,0,38d7cca58973f4fd0af0d6b8df417109,75e4b855a8b793b7295f2a6d1c7ac9fd
4a5bbf6c0ccce26f6e68a095098910e7,153,1100,S33,,2,0,b879bb4052c899856c547fb82a206b0a,4a5bbf6c0ccce26f6e68a095098910e7
75e4b855a8b793b7295f2a6d1c7ac9fd,135,1100,S33,,2,0,4271ff39e2a7101fe4c26b368a1d84c0,75e4b855a8b793b7295f2a6d1c7ac9fd
586f5a20b4a17f7b21b76396c30d329c,152,200,S33,,2,0,3dc477c454798e7a8f6548925f77e806,586f5a20b4a17f7b21b76396c30d329c
308b6b2abb0532648e6431ab907269bc,151,1000,S33,,2,0,6c5c43700cc0eb8f8ced0e9865ed5f81,308b6b2abb0532648e6431ab907269bc
75e4b855a8b793b7295f2a6d1c7ac9fd,112,500,S33,,2,0,1dadb41ce5747023f19dd3488955c5a6,75e4b855a8b793b7295f2a6d1c7ac9fd
75e4b855a8b793b7295f2a6d1c7ac9fd,150,40000,S33,,2,0,9633c9bd73b58dddf637ad5b23097f58,75e4b855a8b793b7295f2a6d1c7ac9fd
75e4b855a8b793b7295f2a6d1c7ac9fd,85,500,S33,,2,0,14a18b5e92a6e5ac33a1adeecf842b93,75e4b855a8b793b7295f2a6d1c7ac9fd
75e4b855a8b793b7295f2a6d1c7ac9fd,101,500,S33,,2,0,f26b4fac6453cb769d848b1b4ad49d81,75e4b855a8b793b7295f2a6d1c7ac9fd
ede51d563c32851d4a3fe2f171ff14d2,133,35000,S33,,2,0,75e4b855a8b793b7295f2a6d1c7ac9fd,ede51d563c32851d4a3fe2f171ff14d2
75e4b855a8b793b7295f2a6d1c7ac9fd,151,60000,S33,,2,0,f26b4fac6453cb769d848b1b4ad49d81,75e4b855a8b793b7295f2a6d1c7ac9fd
75e4b855a8b793b7295f2a6d1c7ac9fd,150,45000,S33,,2,0,2353fa8f746416aeff9bc23f0111f32d,75e4b855a8b793b7295f2a6d1c7ac9fd
75e4b855a8b793b7295f2a6d1c7ac9fd,154,300,S33,,2,0,5646e06780e97f5376f85dd947af2656,75e4b855a8b793b7295f2a6d1c7ac9fd
75e4b855a8b793b7295f2a6d1c7ac9fd,160,300,S33,,2,0,68bf14b4342cfe9346852bdc2346ccb1,75e4b855a8b793b7295f2a6d1c7ac9fd
75e4b855a8b793b7295f2a6d1c7ac9fd,112,500,S33,,2,0,6cdce0902b09fdb33bdc3f99a6319609,75e4b855a8b793b7295f2a6d1c7ac9fd
75e4b855a8b793b7295f2a6d1c7ac9fd,150,40000,S33,,2,0,e14b039c2352734ebca1b2b1250f06eb,75e4b855a8b793b7295f2a6d1c7ac9fd
b3cd6865c0ff9f626f77c85cf97d2d19,154,300,S33,,2,0,642d8a974b8c37f0121caeaf31c86091,b3cd6865c0ff9f626f77c85cf97d2d19
c7b2093849750aa6afb33ee5e3773cc9,142,1100,S33,,2,0,842983a5b63ac5928e36a6abbcd3c269,c7b2093849750aa6afb33ee5e3773cc9
ede51d563c32851d4a3fe2f171ff14d2,155,600000,S33,,2,0,75e4b855a8b793b7295f2a6d1c7ac9fd,ede51d563c32851d4a3fe2f171ff14d2
75e4b855a8b793b7295f2a6d1c7ac9fd,112,500,S33,,2,0,35f191143583484798553db4ec4dd31b,75e4b855a8b793b7295f2a6d1c7ac9fd
5a94bc9e25a6cbc95dad68fd97052d2d,95,500,S33,,2,0,14a18b5e92a6e5ac33a1adeecf842b93,5a94bc9e25a6cbc95dad68fd97052d2d
75e4b855a8b793b7295f2a6d1c7ac9fd,151,37000,S33,,2,0,3cd83a32c63814bd18167d94ce4c8aa4,75e4b855a8b793b7295f2a6d1c7ac9fd
75e4b855a8b793b7295f2a6d1c7ac9fd,153,27000,S33,,2,0,c2c49e7577e23b536754031cb1e3e782,75e4b855a8b793b7295f2a6d1c7ac9fd
75e4b855a8b793b7295f2a6d1c7ac9fd,101,500,S33,,2,0,f9f1d57d6032fd58ccf06c800ee5036a,75e4b855a8b793b7295f2a6d1c7ac9fd
5a94bc9e25a6cbc95dad68fd97052d2d,95,500,S33,,2,0,e4aa4d43f47175b5bf3346163cac500a,5a94bc9e25a6cbc95dad68fd97052d2d
75e4b855a8b793b7295f2a6d1c7ac9fd,101,500,S33,,2,0,d4e94f3aab5f51dbd236117825b225ea,75e4b855a8b793b7295f2a6d1c7ac9fd
75e4b855a8b793b7295f2a6d1c7ac9fd,124,1200,S33,,2,0,c178b40f22b8c1ec32029bd755e912e9,75e4b855a8b793b7295f2a6d1c7ac9fd
75e4b855a8b793b7295f2a6d1c7ac9fd,154,300,S33,,2,0,e4271157996742ee32b1bcf6da5de1f1,75e4b855a8b793b7295f2a6d1c7ac9fd
994297a794bec5aade9fbb57aa622964,123,500,S33,,2,0,88de7065be623a093d21b6f0a4c1d0f7,994297a794bec5aade9fbb57aa622964
75e4b855a8b793b7295f2a6d1c7ac9fd,124,1100,S33,,2,0,c7cd69fb458a1b467b533709e7e4479d,75e4b855a8b793b7295f2a6d1c7ac9fd
04c2bec8b7836db6c0b4cefd20aabdee,155,500,S33,,2,0,b6fb05a1404378fdbd9ad61a0e4d4d4f,04c2bec8b7836db6c0b4cefd20aabdee
75e4b855a8b793b7295f2a6d1c7ac9fd,123,1000,S33,,2,0,3cd83a32c63814bd18167d94ce4c8aa4,75e4b855a8b793b7295f2a6d1c7ac9fd
75e4b855a8b793b7295f2a6d1c7ac9fd,152,30000,S33,,2,0,e4271157996742ee32b1bcf6da5de1f1,75e4b855a8b793b7295f2a6d1c7ac9fd
75e4b855a8b793b7295f2a6d1c7ac9fd,141,1000,S33,,2,0,5646e06780e97f5376f85dd947af2656,75e4b855a8b793b7295f2a6d1c7ac9fd
586f5a20b4a17f7b21b76396c30d329c,152,200,S33,,2,0,1210c4314a57f7378482caf44686da23,586f5a20b4a17f7b21b76396c30d329c
0135fa2d321f42cbb65d5e5f6e5a0d25,95,100,S33,,2,0,213d9ad2a16c06258e71bc93139ee242,0135fa2d321f42cbb65d5e5f6e5a0d25
75e4b855a8b793b7295f2a6d1c7ac9fd,145,50000,S33,,2,0,71049400aaaa01e79883dfa5fe3fe413,75e4b855a8b793b7295f2a6d1c7ac9fd
5fd2fb6b22a0783223274e5c6fe3d426,142,1000,S33,,2,0,308b6b2abb0532648e6431ab907269bc,5fd2fb6b22a0783223274e5c6fe3d426
75e4b855a8b793b7295f2a6d1c7ac9fd,151,40000,S33,,2,0,495659d6e69fd302847d49b1a8c8a22b,75e4b855a8b793b7295f2a6d1c7ac9fd
75e4b855a8b793b7295f2a6d1c7ac9fd,124,500,S33,,2,0,b631e20e25f0cb089eb643837299594b,75e4b855a8b793b7295f2a6d1c7ac9fd
75e4b855a8b793b7295f2a6d1c7ac9fd,124,1100,S33,,2,0,68bf14b4342cfe9346852bdc2346ccb1,75e4b855a8b793b7295f2a6d1c7ac9fd
a9744930dfa1266faff349909b5844b1,95,100,S33,,2,0,48357f8253b305036122f866c3e20a27,a9744930dfa1266faff349909b5844b1
75e4b855a8b793b7295f2a6d1c7ac9fd,124,1100,S33,,2,0,e66ce38aec0474b9f86cfaaa07d44c6d,75e4b855a8b793b7295f2a6d1c7ac9fd
75e4b855a8b793b7295f2a6d1c7ac9fd,150,48000,S33,,2,0,4dbb54852bc516a825630452e7b986ba,75e4b855a8b793b7295f2a6d1c7ac9fd
75e4b855a8b793b7295f2a6d1c7ac9fd,112,500,S33,,2,0,c2c49e7577e23b536754031cb1e3e782,75e4b855a8b793b7295f2a6d1c7ac9fd
75e4b855a8b793b7295f2a6d1c7ac9fd,101,500,S33,,2,0,495659d6e69fd302847d49b1a8c8a22b,75e4b855a8b793b7295f2a6d1c7ac9fd
17002cca434f45b8734be7ec9052851e,101,10000,S33,,2,0,202731250dae6e9809e9736a87c25cb9,17002cca434f45b8734be7ec9052851e
75e4b855a8b793b7295f2a6d1c7ac9fd,173,100,S33,,2,0,1dadb41ce5747023f19dd3488955c5a6,75e4b855a8b793b7295f2a6d1c7ac9fd
75e4b855a8b793b7295f2a6d1c7ac9fd,145,50000,S33,,2,0,e4aa4d43f47175b5bf3346163cac500a,75e4b855a8b793b7295f2a6d1c7ac9fd
586f5a20b4a17f7b21b76396c30d329c,141,500,S33,,2,0,d7759a71b8ba7b10721558a467a53bb5,586f5a20b4a17f7b21b76396c30d329c
75e4b855a8b793b7295f2a6d1c7ac9fd,160,300,S33,,2,0,404da2d2e783e17dab6c8f0d89aaf80d,75e4b855a8b793b7295f2a6d1c7ac9fd
75e4b855a8b793b7295f2a6d1c7ac9fd,152,30000,S33,,2,0,1dadb41ce5747023f19dd3488955c5a6,75e4b855a8b793b7295f2a6d1c7ac9fd
75e4b855a8b793b7295f2a6d1c7ac9fd,173,200,S33,,2,0,6cf07546f9278b5fd00caa0319507f20,75e4b855a8b793b7295f2a6d1c7ac9fd
75e4b855a8b793b7295f2a6d1c7ac9fd,160,300,S33,,2,0,f4e5e0f0ba9f6a8e0c7d336eaf0b134e,75e4b855a8b793b7295f2a6d1c7ac9fd
75e4b855a8b793b7295f2a6d1c7ac9fd,152,40000,S33,,2,0,c7cd69fb458a1b467b533709e7e4479d,75e4b855a8b793b7295f2a6d1c7ac9fd
75e4b855a8b793b7295f2a6d1c7ac9fd,151,48000,S33,,2,0,525a22f5394f4f983d6e3a11d6a365d5,75e4b855a8b793b7295f2a6d1c7ac9fd
75e4b855a8b793b7295f2a6d1c7ac9fd,151,30000,S33,,2,0,6cdce0902b09fdb33bdc3f99a6319609,75e4b855a8b793b7295f2a6d1c7ac9fd
245952f53b6fbd1f4cee78609e710ccf,142,500,S33,,2,0,7e9eb3f360bd8546afc4095f4a42267e,245952f53b6fbd1f4cee78609e710ccf
5a94bc9e25a6cbc95dad68fd97052d2d,100,500,S33,,2,0,8043eb5be0057cf1e09057c24b91dda3,5a94bc9e25a6cbc95dad68fd97052d2d
75e4b855a8b793b7295f2a6d1c7ac9fd,153,40000,S33,,2,0,6b949cc794ee41271e2f93795b75f852,75e4b855a8b793b7295f2a6d1c7ac9fd
75e4b855a8b793b7295f2a6d1c7ac9fd,141,1000,S33,,2,0,91bc21b0af1a6633bbbe513520380cdd,75e4b855a8b793b7295f2a6d1c7ac9fd
75e4b855a8b793b7295f2a6d1c7ac9fd,101,500,S33,,2,0,4dbb54852bc516a825630452e7b986ba,75e4b855a8b793b7295f2a6d1c7ac9fd
75e4b855a8b793b7295f2a6d1c7ac9fd,161,300,S33,,2,0,c7cd69fb458a1b467b533709e7e4479d,75e4b855a8b793b7295f2a6d1c7ac9fd
75e4b855a8b793b7295f2a6d1c7ac9fd,101,1000,S33,,2,0,3d13b52c4dc8fa8c6d93a201d93deca5,75e4b855a8b793b7295f2a6d1c7ac9fd
75e4b855a8b793b7295f2a6d1c7ac9fd,152,52000,S33,,2,0,5646e06780e97f5376f85dd947af2656,75e4b855a8b793b7295f2a6d1c7ac9fd
75e4b855a8b793b7295f2a6d1c7ac9fd,112,500,S33,,2,0,77a49444302091accf95f8495718a987,75e4b855a8b793b7295f2a6d1c7ac9fd
75e4b855a8b793b7295f2a6d1c7ac9fd,154,300,S33,,2,0,35f191143583484798553db4ec4dd31b,75e4b855a8b793b7295f2a6d1c7ac9fd
75e4b855a8b793b7295f2a6d1c7ac9fd,161,300,S33,,2,0,1c4e5b993282b4a9e08cbf38f49920fe,75e4b855a8b793b7295f2a6d1c7ac9fd
75e4b855a8b793b7295f2a6d1c7ac9fd,152,30000,S33,,2,0,b631e20e25f0cb089eb643837299594b,75e4b855a8b793b7295f2a6d1c7ac9fd
75e4b855a8b793b7295f2a6d1c7ac9fd,145,20000,S33,,2,0,213d9ad2a16c06258e71bc93139ee242,75e4b855a8b793b7295f2a6d1c7ac9fd
75e4b855a8b793b7295f2a6d1c7ac9fd,84,500,S33,,2,0,1dd026b547e50002d5cc44de26aaca40,75e4b855a8b793b7295f2a6d1c7ac9fd
6bc8b61af09a56e55484b30ab3c2e6de,154,600,S33,,2,0,d8372278215b14ef3e557bee3e85f460,6bc8b61af09a56e55484b30ab3c2e6de
17002cca434f45b8734be7ec9052851e,114,500,S33,,2,0,3368f31b7a30650f1db6b6a57f64e78c,17002cca434f45b8734be7ec9052851e
a493b849c9d0f063b0f885e87900768c,101,500,S33,,2,0,17945d8adb8f53b23b3f2bfbe4740e4f,a493b849c9d0f063b0f885e87900768c
75e4b855a8b793b7295f2a6d1c7ac9fd,155,37000,S33,,2,0,be45cafe6f2a6e95554707ec675c346b,75e4b855a8b793b7295f2a6d1c7ac9fd
75e4b855a8b793b7295f2a6d1c7ac9fd,153,28000,S33,,2,0,e474853b6519d86d41e64cf95187126d,75e4b855a8b793b7295f2a6d1c7ac9fd
75e4b855a8b793b7295f2a6d1c7ac9fd,160,300,S33,,2,0,a69f9c94e40bcd41de4754f8c0f5a843,75e4b855a8b793b7295f2a6d1c7ac9fd
75e4b855a8b793b7295f2a6d1c7ac9fd,124,1200,S33,,2,0,38d7cca58973f4fd0af0d6b8df417109,75e4b855a8b793b7295f2a6d1c7ac9fd
75e4b855a8b793b7295f2a6d1c7ac9fd,101,1000,S33,,2,0,9f01c6f07efa2c5d3f75bf63a59dbeeb,75e4b855a8b793b7295f2a6d1c7ac9fd
889bcdfb12247b2cb01de8d61363a5fe,142,1100,S33,,2,0,77a49444302091accf95f8495718a987,889bcdfb12247b2cb01de8d61363a5fe
75e4b855a8b793b7295f2a6d1c7ac9fd,100,500,S33,,2,0,9633c9bd73b58dddf637ad5b23097f58,75e4b855a8b793b7295f2a6d1c7ac9fd
75e4b855a8b793b7295f2a6d1c7ac9fd,160,300,S33,,2,0,1dadb41ce5747023f19dd3488955c5a6,75e4b855a8b793b7295f2a6d1c7ac9fd
75e4b855a8b793b7295f2a6d1c7ac9fd,124,1100,S33,,2,0,e474853b6519d86d41e64cf95187126d,75e4b855a8b793b7295f2a6d1c7ac9fd
75e4b855a8b793b7295f2a6d1c7ac9fd,85,500,S33,,2,0,cdfa4b74d5255cf9e1ff93ba45c2ea7c,75e4b855a8b793b7295f2a6d1c7ac9fd
75e4b855a8b793b7295f2a6d1c7ac9fd,124,1100,S33,,2,0,ea76fb31949edff094341ec6f5a7a55c,75e4b855a8b793b7295f2a6d1c7ac9fd
e862b6f96737c8a2a68ae907b15c397f,95,100,S33,,2,0,48357f8253b305036122f866c3e20a27,e862b6f96737c8a2a68ae907b15c397f
5a94bc9e25a6cbc95dad68fd97052d2d,101,500,S33,,2,0,3cd83a32c63814bd18167d94ce4c8aa4,5a94bc9e25a6cbc95dad68fd97052d2d
75e4b855a8b793b7295f2a6d1c7ac9fd,112,500,S33,,2,0,b631e20e25f0cb089eb643837299594b,75e4b855a8b793b7295f2a6d1c7ac9fd
75e4b855a8b793b7295f2a6d1c7ac9fd,155,38000,S33,,2,0,c04f2d9e3ccf72035536c0449894534f,75e4b855a8b793b7295f2a6d1c7ac9fd
75e4b855a8b793b7295f2a6d1c7ac9fd,100,1000,S33,,2,0,31ca34ee1935b70cc54cc40411354dab,75e4b855a8b793b7295f2a6d1c7ac9fd
75e4b855a8b793b7295f2a6d1c7ac9fd,100,1000,S33,,2,0,4f7138ce0c5bd2efc267fbb04a238044,75e4b855a8b793b7295f2a6d1c7ac9fd
75e4b855a8b793b7295f2a6d1c7ac9fd,140,1200,S33,,2,0,6b949cc794ee41271e2f93795b75f852,75e4b855a8b793b7295f2a6d1c7ac9fd
6496f9760f0cef795f8d2d47d0635512,184,800,S33,,2,0,eae05d5a594f973cf386870d6d11ecc3,6496f9760f0cef795f8d2d47d0635512
04c2bec8b7836db6c0b4cefd20aabdee,155,500,S33,,2,0,586f5a20b4a17f7b21b76396c30d329c,04c2bec8b7836db6c0b4cefd20aabdee
75e4b855a8b793b7295f2a6d1c7ac9fd,140,1100,S33,,2,0,29c66d179e91887ee7cbc8eb2ef676b0,75e4b855a8b793b7295f2a6d1c7ac9fd
6c5c43700cc0eb8f8ced0e9865ed5f81,152,990000,S33,,2,0,23b11bae7494fa0e5c4a35f215d0856b,6c5c43700cc0eb8f8ced0e9865ed5f81
75e4b855a8b793b7295f2a6d1c7ac9fd,141,1000,S33,,2,0,be45cafe6f2a6e95554707ec675c346b,75e4b855a8b793b7295f2a6d1c7ac9fd
75e4b855a8b793b7295f2a6d1c7ac9fd,150,45000,S33,,2,0,19fd067bb00914028c88674d57de2224,75e4b855a8b793b7295f2a6d1c7ac9fd
626d03124929736701a320fe82dc5d60,151,500,S33,,2,0,7e9eb3f360bd8546afc4095f4a42267e,626d03124929736701a320fe82dc5d60
75e4b855a8b793b7295f2a6d1c7ac9fd,145,50000,S33,,2,0,14a18b5e92a6e5ac33a1adeecf842b93,75e4b855a8b793b7295f2a6d1c7ac9fd
75e4b855a8b793b7295f2a6d1c7ac9fd,124,1100,S33,,2,0,1dadb41ce5747023f19dd3488955c5a6,75e4b855a8b793b7295f2a6d1c7ac9fd
75e4b855a8b793b7295f2a6d1c7ac9fd,124,1100,S33,,2,0,77a49444302091accf95f8495718a987,75e4b855a8b793b7295f2a6d1c7ac9fd
75e4b855a8b793b7295f2a6d1c7ac9fd,160,300,S33,,2,0,e67da53e64ee10168a14d5b1bf44cdda,75e4b855a8b793b7295f2a6d1c7ac9fd
75e4b855a8b793b7295f2a6d1c7ac9fd,145,10000,S33,,2,0,0135fa2d321f42cbb65d5e5f6e5a0d25,75e4b855a8b793b7295f2a6d1c7ac9fd
b879bb4052c899856c547fb82a206b0a,153,1500,S33,,2,0,4a5bbf6c0ccce26f6e68a095098910e7,b879bb4052c899856c547fb82a206b0a
75e4b855a8b793b7295f2a6d1c7ac9fd,153,38000,S33,,2,0,635f3f481faa7f491b03bd145e0d1e2e,75e4b855a8b793b7295f2a6d1c7ac9fd
75e4b855a8b793b7295f2a6d1c7ac9fd,151,50000,S33,,2,0,e76d688591f2056f3b2fbba2640c70e1,75e4b855a8b793b7295f2a6d1c7ac9fd
75e4b855a8b793b7295f2a6d1c7ac9fd,101,500,S33,,2,0,e76d688591f2056f3b2fbba2640c70e1,75e4b855a8b793b7295f2a6d1c7ac9fd
75e4b855a8b793b7295f2a6d1c7ac9fd,154,300,S33,,2,0,5646e06780e97f5376f85dd947af2656,75e4b855a8b793b7295f2a6d1c7ac9fd
2d3a088e1891a7e45b30bdcebdceabbb,114,500,S33,,2,0,17002cca434f45b8734be7ec9052851e,2d3a088e1891a7e45b30bdcebdceabbb
1b5935a439f08b75269fe1e5e28db888,142,1100,S33,,2,0,3d13b52c4dc8fa8c6d93a201d93deca5,1b5935a439f08b75269fe1e5e28db888
75e4b855a8b793b7295f2a6d1c7ac9fd,100,1000,S33,,2,0,7179f2007f1a5464ae5c325e0ee06416,75e4b855a8b793b7295f2a6d1c7ac9fd
75e4b855a8b793b7295f2a6d1c7ac9fd,112,1000,S33,,2,0,842983a5b63ac5928e36a6abbcd3c269,75e4b855a8b793b7295f2a6d1c7ac9fd
75e4b855a8b793b7295f2a6d1c7ac9fd,124,1100,S33,,2,0,35f191143583484798553db4ec4dd31b,75e4b855a8b793b7295f2a6d1c7ac9fd
75e4b855a8b793b7295f2a6d1c7ac9fd,101,500,S33,,2,0,6cf07546f9278b5fd00caa0319507f20,75e4b855a8b793b7295f2a6d1c7ac9fd
75e4b855a8b793b7295f2a6d1c7ac9fd,151,40000,S33,,2,0,ad18be0649319d92a7ce4aad8ded6c94,75e4b855a8b793b7295f2a6d1c7ac9fd
75e4b855a8b793b7295f2a6d1c7ac9fd,101,1000,S33,,2,0,a6cc25c5059ff8dbf2eaff3fdfa00986,75e4b855a8b793b7295f2a6d1c7ac9fd
75e4b855a8b793b7295f2a6d1c7ac9fd,101,1000,S33,,2,0,31ca34ee1935b70cc54cc40411354dab,75e4b855a8b793b7295f2a6d1c7ac9fd
75e4b855a8b793b7295f2a6d1c7ac9fd,154,300,S33,,2,0,e66ce38aec0474b9f86cfaaa07d44c6d,75e4b855a8b793b7295f2a6d1c7ac9fd
75e4b855a8b793b7295f2a6d1c7ac9fd,152,40000,S33,,2,0,f9f1d57d6032fd58ccf06c800ee5036a,75e4b855a8b793b7295f2a6d1c7ac9fd
586f5a20b4a17f7b21b76396c30d329c,152,200,S33,,2,0,88c537c627831d661389f2b311484a69,586f5a20b4a17f7b21b76396c30d329c
75e4b855a8b793b7295f2a6d1c7ac9fd,151,37000,S33,,2,0,1c4e5b993282b4a9e08cbf38f49920fe,75e4b855a8b793b7295f2a6d1c7ac9fd
5a94bc9e25a6cbc95dad68fd97052d2d,95,500,S33,,2,0,9c0d73ce66aeac4cafb35f9cdf865974,5a94bc9e25a6cbc95dad68fd97052d2d
75e4b855a8b793b7295f2a6d1c7ac9fd,151,48000,S33,,2,0,b8e9341a2142e67a17061ccf2feae771,75e4b855a8b793b7295f2a6d1c7ac9fd
450a3a1ffce4158670bc35f9050264ea,191,2000,S33,,2,0,17002cca434f45b8734be7ec9052851e,450a3a1ffce4158670bc35f9050264ea
75e4b855a8b793b7295f2a6d1c7ac9fd,101,500,S33,,2,0,525a22f5394f4f983d6e3a11d6a365d5,75e4b855a8b793b7295f2a6d1c7ac9fd
c20b99f5684483a13d9003a4acb267e0,142,1200,S33,,2,0,6cdce0902b09fdb33bdc3f99a6319609,c20b99f5684483a13d9003a4acb267e0
75e4b855a8b793b7295f2a6d1c7ac9fd,145,20000,S33,,2,0,48357f8253b305036122f866c3e20a27,75e4b855a8b793b7295f2a6d1c7ac9fd
75e4b855a8b793b7295f2a6d1c7ac9fd,150,45000,S33,,2,0,88d027db96550e78fc4f8edf444e7f40,75e4b855a8b793b7295f2a6d1c7ac9fd
7e9eb3f360bd8546afc4095f4a42267e,151,2000,S33,,2,0,97283efd952f80b7a4d44a9593c8bc81,7e9eb3f360bd8546afc4095f4a42267e
75e4b855a8b793b7295f2a6d1c7ac9fd,100,1000,S33,,2,0,77a49444302091accf95f8495718a987,75e4b855a8b793b7295f2a6d1c7ac9fd
75e4b855a8b793b7295f2a6d1c7ac9fd,161,300,S33,,2,0,f26b4fac6453cb769d848b1b4ad49d81,75e4b855a8b793b7295f2a6d1c7ac9fd
75e4b855a8b793b7295f2a6d1c7ac9fd,124,1100,S33,,2,0,6cf07546f9278b5fd00caa0319507f20,75e4b855a8b793b7295f2a6d1c7ac9fd
75e4b855a8b793b7295f2a6d1c7ac9fd,150,50000,S33,,2,0,4f7138ce0c5bd2efc267fbb04a238044,75e4b855a8b793b7295f2a6d1c7ac9fd
5a94bc9e25a6cbc95dad68fd97052d2d,100,500,S33,,2,0,a3f9466734601d8716a419174c803107,5a94bc9e25a6cbc95dad68fd97052d2d
b6fb05a1404378fdbd9ad61a0e4d4d4f,152,500,S33,,2,0,586f5a20b4a17f7b21b76396c30d329c,b6fb05a1404378fdbd9ad61a0e4d4d4f
75e4b855a8b793b7295f2a6d1c7ac9fd,125,1100,S33,,2,0,6cdce0902b09fdb33bdc3f99a6319609,75e4b855a8b793b7295f2a6d1c7ac9fd
2670fd7b035b5f284b4b555c3849e00f,182,200000,S33,,2,0,75e4b855a8b793b7295f2a6d1c7ac9fd,2670fd7b035b5f284b4b555c3849e00f
75e4b855a8b793b7295f2a6d1c7ac9fd,160,500,S33,,2,0,3d13b52c4dc8fa8c6d93a201d93deca5,75e4b855a8b793b7295f2a6d1c7ac9fd
75e4b855a8b793b7295f2a6d1c7ac9fd,153,40000,S33,,2,0,29c66d179e91887ee7cbc8eb2ef676b0,75e4b855a8b793b7295f2a6d1c7ac9fd
75e4b855a8b793b7295f2a6d1c7ac9fd,150,40000,S33,,2,0,22e1650eb49ae013ca70be47c3c66914,75e4b855a8b793b7295f2a6d1c7ac9fd
75e4b855a8b793b7295f2a6d1c7ac9fd,135,1100,S33,,2,0,66043e4458646b7b3041f6f034994c23,75e4b855a8b793b7295f2a6d1c7ac9fd
fe1aa3364bef0a889f4cdf924473f27e,163,980253,S24,,4,1,,
fc8e900a141abe9c721774da4a8f0bdf,153,0,S00,,2,0,,
fc8e900a141abe9c721774da4a8f0bdf,165,415955,S24,,4,1,,
fc8e900a141abe9c721774da4a8f0bdf,165,415955,S24,,4,1,,
fc0b040df262df8780b704a794eeb17b,142,0,S00,,2,0,,
fc0b040df262df8780b704a794eeb17b,151,0,S00,,2,0,,
fc0b040df262df8780b704a794eeb17b,142,500,S03,,2,0,,
fc0b040df262df8780b704a794eeb17b,151,500,S03,,2,0,,
fc0b040df262df8780b704a794eeb17b,172,993240,S24,,4,1,,
fc0b040df262df8780b704a794eeb17b,172,999727,S24,,4,1,,
fbea037dbac57314b2285e8d0f941ad6,182,1100,S22,,2,0,,
fbea037dbac57314b2285e8d0f941ad6,193,986740,S24,,4,1,,
fa8f8dee3687ea7f37e44104c57367ce,174,0,S00,,2,0,,
fa8f8dee3687ea7f37e44104c57367ce,174,500,S03,,2,0,,
fa8f8dee3687ea7f37e44104c57367ce,171,7201,S24,,4,1,,
f9f1d57d6032fd58ccf06c800ee5036a,152,0,S00,,2,0,,
f9f1d57d6032fd58ccf06c800ee5036a,165,415955,S24,,4,1,,
f9f1d57d6032fd58ccf06c800ee5036a,170,415955,S24,,4,1,,
f4e5e0f0ba9f6a8e0c7d336eaf0b134e,155,0,S00,,2,0,,
f4e5e0f0ba9f6a8e0c7d336eaf0b134e,170,415955,S24,,4,1,,
f4e5e0f0ba9f6a8e0c7d336eaf0b134e,165,415955,S24,,4,1,,
f487d1e61f8bdae4a8680d8b28d3987d,161,986740,S24,,4,1,,
f3494e017722f94148597437c40021ce,150,0,S00,,2,0,,
f3494e017722f94148597437c40021ce,102,414390,S24,,4,1,,
f3494e017722f94148597437c40021ce,102,414390,S24,,4,1,,
f339aab928dbb58d91acf56e55ce5122,171,7201,S24,,4,1,,
f26b4fac6453cb769d848b1b4ad49d81,151,0,S00,,2,0,,
f26b4fac6453cb769d848b1b4ad49d81,165,415955,S24,,4,1,,
f26b4fac6453cb769d848b1b4ad49d81,165,415955,S24,,4,1,,
f1b00607d47f40ff8fbf1669297ef25b,171,7201,S24,,4,1,,
f1840c70ff35b4a958f1ff5a8e79c3a5,152,0,S00,,2,0,,
f1840c70ff35b4a958f1ff5a8e79c3a5,152,500,S03,,2,0,,
f1840c70ff35b4a958f1ff5a8e79c3a5,174,325069,S24,,4,1,,
f1840c70ff35b4a958f1ff5a8e79c3a5,174,201814,S24,,4,1,,
f1840c70ff35b4a958f1ff5a8e79c3a5,174,454811,S24,,4,1,,
eece1c909e5701600c67c93ebebe5e26,90,0,S00,,2,0,,
ed31bf3db9619cfa12b1cfa89bfb6d4a,173,986753,S24,,4,1,,
ecd593252ba0670eb16b761228c1551c,152,0,S00,,2,0,,
ecd593252ba0670eb16b761228c1551c,152,500,S03,,2,0,,
ecd593252ba0670eb16b761228c1551c,172,7201,S24,,4,1,,
ecd593252ba0670eb16b761228c1551c,172,454811,S24,,4,1,,
ecd593252ba0670eb16b761228c1551c,172,7201,S24,,4,1,,
ecd593252ba0670eb16b761228c1551c,172,195327,S24,,4,1,,
ecd593252ba0670eb16b761228c1551c,172,325069,S24,,4,1,,
ec17bb49f31bddaf576aa82f0e301864,183,0,S00,,2,0,,
ec17bb49f31bddaf576aa82f0e301864,174,0,S00,,2,0,,
ec17bb49f31bddaf576aa82f0e301864,174,500,S03,,2,0,,
ec17bb49f31bddaf576aa82f0e301864,183,500,S03,,2,0,,
ec17bb49f31bddaf576aa82f0e301864,171,7201,S24,,4,1,,
ea9d87ec9da97252527b4910f5cec47f,162,1400,S22,,2,0,,
ea9d87ec9da97252527b4910f5cec47f,190,986740,S24,,4,1,,
ea76fb31949edff094341ec6f5a7a55c,153,0,S00,,2,0,,
ea76fb31949edff094341ec6f5a7a55c,165,415955,S24,,4,1,,
ea76fb31949edff094341ec6f5a7a55c,165,415955,S24,,4,1,,
e76d688591f2056f3b2fbba2640c70e1,151,0,S00,,2,0,,
e76d688591f2056f3b2fbba2640c70e1,151,0,S00,,2,0,,
e76d688591f2056f3b2fbba2640c70e1,103,414390,S24,,4,1,,
e76d688591f2056f3b2fbba2640c70e1,103,414390,S24,,4,1,,
e67da53e64ee10168a14d5b1bf44cdda,153,0,S00,,2,0,,
e67da53e64ee10168a14d5b1bf44cdda,170,415955,S24,,4,1,,
e67da53e64ee10168a14d5b1bf44cdda,170,415955,S24,,4,1,,
e66ce38aec0474b9f86cfaaa07d44c6d,152,0,S00,,2,0,,
e54d0437fbb02ffbb27117cb31e59b86,162,1600,S22,,2,0,,
e54d0437fbb02ffbb27117cb31e59b86,173,980266,S24,,4,1,,
e4aa4d43f47175b5bf3346163cac500a,145,0,S00,,2,0,,
e4aa4d43f47175b5bf3346163cac500a,100,414390,S24,,4,1,,
e4aa4d43f47175b5bf3346163cac500a,100,414390,S24,,4,1,,
e474853b6519d86d41e64cf95187126d,152,0,S00,,2,0,,
e474853b6519d86d41e64cf95187126d,170,0,S00,,2,0,,
e474853b6519d86d41e64cf95187126d,171,415955,S24,,4,1,,
e474853b6519d86d41e64cf95187126d,170,415955,S24,,4,1,,
e4271157996742ee32b1bcf6da5de1f1,152,0,S00,,2,0,,
e14b039c2352734ebca1b2b1250f06eb,150,0,S00,,2,0,,
e14b039c2352734ebca1b2b1250f06eb,101,414390,S24,,4,1,,
e14b039c2352734ebca1b2b1250f06eb,101,414390,S24,,4,1,,
df6916f2fa670bada9dbd9efed3e5494,162,1300,S22,,2,0,,
df6916f2fa670bada9dbd9efed3e5494,192,986740,S24,,4,1,,
de60d2499079efb889ce0657e3e55b7b,153,0,S00,,2,0,,
de60d2499079efb889ce0657e3e55b7b,153,500,S03,,2,0,,
de60d2499079efb889ce0657e3e55b7b,174,7201,S24,,4,1,,
de60d2499079efb889ce0657e3e55b7b,174,325069,S24,,4,1,,
de60d2499079efb889ce0657e3e55b7b,174,195327,S24,,4,1,,
de60d2499079efb889ce0657e3e55b7b,174,454811,S24,,4,1,,
da87470af3b675ca5968736ef0aa9aa0,155,0,S00,,2,0,,
da87470af3b675ca5968736ef0aa9aa0,142,415955,S24,,4,1,,
da87470af3b675ca5968736ef0aa9aa0,142,415955,S24,,4,1,,
da4372d5a7b052b9e6687e5fc22b95e9,161,1300,S22,,2,0,,
da4372d5a7b052b9e6687e5fc22b95e9,173,986753,S24,,4,1,,
d7759a71b8ba7b10721558a467a53bb5,90,0,S00,,2,0,,
d7759a71b8ba7b10721558a467a53bb5,152,993227,S24,,4,1,,
d7759a71b8ba7b10721558a467a53bb5,152,986740,S24,,4,1,,
d4e94f3aab5f51dbd236117825b225ea,152,0,S00,,2,0,,
d4e94f3aab5f51dbd236117825b225ea,152,0,S00,,2,0,,
d4e94f3aab5f51dbd236117825b225ea,165,415955,S24,,4,1,,
d4e94f3aab5f51dbd236117825b225ea,165,415955,S24,,4,1,,
d482538f4f0183d643f6529fbb95f1af,163,986740,S24,,4,1,,
d2675c9a2b6a174e01d8f81912b4fdd9,171,7201,S24,,4,1,,
d1ada0da40020ca45a51bd04cd0b4144,172,7201,S24,,4,1,,
d1065ef624e85dbba035ef4981bde8b2,174,0,S00,,2,0,,
d1065ef624e85dbba035ef4981bde8b2,174,0,S00,,2,0,,
d1065ef624e85dbba035ef4981bde8b2,174,500,S03,,2,0,,
d1065ef624e85dbba035ef4981bde8b2,174,500,S03,,2,0,,
d1065ef624e85dbba035ef4981bde8b2,171,7201,S24,,4,1,,
d1065ef624e85dbba035ef4981bde8b2,184,986753,S24,,4,1,,
d002d0af5e3d76a0bb66350a7f0f52ae,145,0,S00,,2,0,,
d002d0af5e3d76a0bb66350a7f0f52ae,101,414390,S24,,4,1,,
d002d0af5e3d76a0bb66350a7f0f52ae,101,414390,S24,,4,1,,
cf5fd107a944e5c1f413bcd73c8a3fd0,153,0,S00,,2,0,,
cf5fd107a944e5c1f413bcd73c8a3fd0,153,500,S03,,2,0,,
cf5fd107a944e5c1f413bcd73c8a3fd0,174,325069,S24,,4,1,,
cf5fd107a944e5c1f413bcd73c8a3fd0,174,201814,S24,,4,1,,
cf5fd107a944e5c1f413bcd73c8a3fd0,174,454811,S24,,4,1,,
cdfa4b74d5255cf9e1ff93ba45c2ea7c,145,0,S00,,2,0,,
cdfa4b74d5255cf9e1ff93ba45c2ea7c,100,414390,S24,,4,1,,
cdfa4b74d5255cf9e1ff93ba45c2ea7c,100,414390,S24,,4,1,,
ca97ad349b812c0157eb4001dccf8aa9,90,0,S00,,2,0,,
c7cd69fb458a1b467b533709e7e4479d,152,0,S00,,2,0,,
c7cd69fb458a1b467b533709e7e4479d,165,415955,S24,,4,1,,
c7cd69fb458a1b467b533709e7e4479d,165,415955,S24,,4,1,,
c77320ae08d255b7d1b6252b1ae81e19,174,0,S00,,2,0,,
c77320ae08d255b7d1b6252b1ae81e19,174,500,S03,,2,0,,
c77320ae08d255b7d1b6252b1ae81e19,171,7201,S24,,4,1,,
c77320ae08d255b7d1b6252b1ae81e19,171,7201,S24,,4,1,,
c77320ae08d255b7d1b6252b1ae81e19,184,986753,S24,,4,1,,
c47df5b3c0ff3c51f6c57625826982b9,163,986740,S24,,4,1,,
c47df5b3c0ff3c51f6c57625826982b9,163,980253,S24,,4,1,,
c301001083aefeb4f7c9e070dd975fde,152,0,S00,,2,0,,
c301001083aefeb4f7c9e070dd975fde,153,0,S00,,2,0,,
c301001083aefeb4f7c9e070dd975fde,152,0,S00,,2,0,,
c301001083aefeb4f7c9e070dd975fde,152,500,S03,,2,0,,
c301001083aefeb4f7c9e070dd975fde,153,500,S03,,2,0,,
c2c49e7577e23b536754031cb1e3e782,153,0,S00,,2,0,,
c2c49e7577e23b536754031cb1e3e782,165,415955,S24,,4,1,,
c2c49e7577e23b536754031cb1e3e782,165,415955,S24,,4,1,,
c215ed77cba84f9ae0c2c20102ceef01,152,0,S00,,2,0,,
c215ed77cba84f9ae0c2c20102ceef01,152,500,S03,,2,0,,
c215ed77cba84f9ae0c2c20102ceef01,174,72072,S24,,4,1,,
c215ed77cba84f9ae0c2c20102ceef01,174,454811,S24,,4,1,,
c215ed77cba84f9ae0c2c20102ceef01,174,454811,S24,,4,1,,
c178b40f22b8c1ec32029bd755e912e9,152,0,S00,,2,0,,
c178b40f22b8c1ec32029bd755e912e9,165,415955,S24,,4,1,,
c178b40f22b8c1ec32029bd755e912e9,165,415955,S24,,4,1,,
c04f2d9e3ccf72035536c0449894534f,155,0,S00,,2,0,,
c04f2d9e3ccf72035536c0449894534f,142,415955,S24,,4,1,,
c04f2d9e3ccf72035536c0449894534f,142,415955,S24,,4,1,,
bf3fc9c96cfd2ef1a1974f62cb97394f,171,7201,S24,,4,1,,
bf28bd8b43e6c63728d121f8540896c1,155,1100,S22,,2,0,,
bf28bd8b43e6c63728d121f8540896c1,173,493733,S24,,4,1,,
bf28bd8b43e6c63728d121f8540896c1,173,487246,S24,,4,1,,
be45cafe6f2a6e95554707ec675c346b,155,0,S00,,2,0,,
be45cafe6f2a6e95554707ec675c346b,142,415955,S24,,4,1,,
be45cafe6f2a6e95554707ec675c346b,142,415955,S24,,4,1,,
bb46d9765b0d31cc7c4d2e971917e379,170,0,S00,,2,0,,
bb46d9765b0d31cc7c4d2e971917e379,104,1389,S31,,2,0,,
ba3d422330a6f0ad5114ca69dc086914,171,7201,S24,,4,1,,
b8e9341a2142e67a17061ccf2feae771,151,0,S00,,2,0,,
b8e9341a2142e67a17061ccf2feae771,102,414390,S24,,4,1,,
b8e9341a2142e67a17061ccf2feae771,102,414390,S24,,4,1,,
b879bb4052c899856c547fb82a206b0a,153,0,S00,,2,0,,
b879bb4052c899856c547fb82a206b0a,154,0,S00,,2,0,,
b879bb4052c899856c547fb82a206b0a,153,0,S00,,2,0,,
b6fb05a1404378fdbd9ad61a0e4d4d4f,90,0,S00,,2,0,,
b6fb05a1404378fdbd9ad61a0e4d4d4f,172,986753,S24,,4,1,,
b631e20e25f0cb089eb643837299594b,152,0,S00,,2,0,,
b631e20e25f0cb089eb643837299594b,165,415955,S24,,4,1,,
b631e20e25f0cb089eb643837299594b,165,415955,S24,,4,1,,
b47335be0906117591cd92ff89025c9e,174,0,S00,,2,0,,
b47335be0906117591cd92ff89025c9e,174,500,S03,,2,0,,
b47335be0906117591cd92ff89025c9e,184,986753,S24,,4,1,,
b47335be0906117591cd92ff89025c9e,171,7201,S24,,4,1,,
b2fe0c816eda34546207c0619da63b69,182,900,S22,,2,0,,
b2fe0c816eda34546207c0619da63b69,193,973766,S24,,4,1,,
b2b113b2f661653a98c53186a9f2aed9,153,973766,S24,,4,1,,
b19e08dbc3a84a9e40071ec2e243f616,174,0,S00,,2,0,,
b19e08dbc3a84a9e40071ec2e243f616,183,0,S00,,2,0,,
b19e08dbc3a84a9e40071ec2e243f616,174,500,S03,,2,0,,
b19e08dbc3a84a9e40071ec2e243f616,183,500,S03,,2,0,,
b19e08dbc3a84a9e40071ec2e243f616,194,259971,S24,,4,1,,
b19e08dbc3a84a9e40071ec2e243f616,194,259971,S24,,4,1,,
b19e08dbc3a84a9e40071ec2e243f616,195,259971,S24,,4,1,,
b19e08dbc3a84a9e40071ec2e243f616,195,195100,S24,,4,1,,
b19e08dbc3a84a9e40071ec2e243f616,195,13675,S24,,4,1,,
b19e08dbc3a84a9e40071ec2e243f616,171,7201,S24,,4,1,,
b097667f35fb47a0df2349b808221700,174,0,S00,,2,0,,
b097667f35fb47a0df2349b808221700,174,500,S03,,2,0,,
b097667f35fb47a0df2349b808221700,171,7201,S24,,4,1,,
ad18be0649319d92a7ce4aad8ded6c94,151,0,S00,,2,0,,
ad18be0649319d92a7ce4aad8ded6c94,103,414390,S24,,4,1,,
ad18be0649319d92a7ce4aad8ded6c94,103,414390,S24,,4,1,,
aa8f9e88f39459a6f2edf34e5d5944d8,152,0,S00,,2,0,,
aa8f9e88f39459a6f2edf34e5d5944d8,152,500,S03,,2,0,,
aa8f9e88f39459a6f2edf34e5d5944d8,173,195327,S24,,4,1,,
aa8f9e88f39459a6f2edf34e5d5944d8,174,454811,S24,,4,1,,
aa8f9e88f39459a6f2edf34e5d5944d8,174,7201,S24,,4,1,,
aa8f9e88f39459a6f2edf34e5d5944d8,174,325069,S24,,4,1,,
a9dc715acfad75a1b4b544509f4cadbe,171,7201,S24,,4,1,,
a9744930dfa1266faff349909b5844b1,145,0,S00,,2,0,,
a9744930dfa1266faff349909b5844b1,102,414390,S24,,4,1,,
a9744930dfa1266faff349909b5844b1,102,414390,S24,,4,1,,
a7b80b8a73496a9120f6cf48e58f8670,171,0,S00,,2,0,,
a6cc25c5059ff8dbf2eaff3fdfa00986,151,0,S00,,2,0,,
a6cc25c5059ff8dbf2eaff3fdfa00986,102,414390,S24,,4,1,,
a6cc25c5059ff8dbf2eaff3fdfa00986,102,414390,S24,,4,1,,
a69f9c94e40bcd41de4754f8c0f5a843,155,0,S00,,2,0,,
a69f9c94e40bcd41de4754f8c0f5a843,165,415955,S24,,4,1,,
a69f9c94e40bcd41de4754f8c0f5a843,165,415955,S24,,4,1,,
a65f164ffc50b71736846885f999a45e,164,986740,S24,,4,1,,
a621fc29cdfce7e4ce1227d40fd07f07,163,980253,S24,,4,1,,
a5f3869050d04e5f369ed74ef8382c28,163,980253,S24,,4,1,,
a5108fb1e402d7578720e301c27c4574,151,0,S00,,2,0,,
a5108fb1e402d7578720e301c27c4574,104,414390,S24,,4,1,,
a5108fb1e402d7578720e301c27c4574,104,414390,S24,,4,1,,
a493b849c9d0f063b0f885e87900768c,100,0,S00,,2,0,,
a493b849c9d0f063b0f885e87900768c,103,414390,S24,,4,1,,
a493b849c9d0f063b0f885e87900768c,103,414390,S24,,4,1,,
a4107204be8e36ae4a020369373fa041,174,0,S00,,2,0,,
a4107204be8e36ae4a020369373fa041,174,500,S03,,2,0,,
a4107204be8e36ae4a020369373fa041,171,7201,S24,,4,1,,
a3f9466734601d8716a419174c803107,145,0,S00,,2,0,,
a3f9466734601d8716a419174c803107,104,414390,S24,,4,1,,
a3f9466734601d8716a419174c803107,104,414390,S24,,4,1,,
a3f9466734601d8716a419174c803107,104,414390,S24,,4,1,,
9f01c6f07efa2c5d3f75bf63a59dbeeb,151,0,S00,,2,0,,
9f01c6f07efa2c5d3f75bf63a59dbeeb,102,414390,S24,,4,1,,
9f01c6f07efa2c5d3f75bf63a59dbeeb,103,414390,S24,,4,1,,
9cf79e531c8c7a106c78bac14579574b,174,0,S00,,2,0,,
9cf79e531c8c7a106c78bac14579574b,174,500,S03,,2,0,,
9cf79e531c8c7a106c78bac14579574b,171,7201,S24,,4,1,,
9cf79e531c8c7a106c78bac14579574b,184,986753,S24,,4,1,,
9ce201e5f7021d7bda78fd909996b655,153,0,S00,,2,0,,
9ce201e5f7021d7bda78fd909996b655,154,0,S00,,2,0,,
9ce201e5f7021d7bda78fd909996b655,142,415955,S24,,4,1,,
9ce201e5f7021d7bda78fd909996b655,142,415955,S24,,4,1,,
9c0d73ce66aeac4cafb35f9cdf865974,145,0,S00,,2,0,,
9c0d73ce66aeac4cafb35f9cdf865974,100,414390,S24,,4,1,,
9c0d73ce66aeac4cafb35f9cdf865974,100,414390,S24,,4,1,,
9aca2e240506a23bc4f82998dbf33717,155,0,S00,,2,0,,
9aca2e240506a23bc4f82998dbf33717,165,415955,S24,,4,1,,
9aca2e240506a23bc4f82998dbf33717,165,415955,S24,,4,1,,
97a4d74505881f72152eba632d0836e0,153,0,S00,,2,0,,
97a4d74505881f72152eba632d0836e0,153,500,S03,,2,0,,
97a4d74505881f72152eba632d0836e0,174,993240,S24,,4,1,,
97283efd952f80b7a4d44a9593c8bc81,151,0,S00,,2,0,,
97283efd952f80b7a4d44a9593c8bc81,142,0,S00,,2,0,,
97283efd952f80b7a4d44a9593c8bc81,142,500,S03,,2,0,,
97283efd952f80b7a4d44a9593c8bc81,172,993240,S24,,4,1,,
9633c9bd73b58dddf637ad5b23097f58,150,0,S00,,2,0,,
9633c9bd73b58dddf637ad5b23097f58,102,414390,S24,,4,1,,
9633c9bd73b58dddf637ad5b23097f58,102,414390,S24,,4,1,,
958becc4851393170284e693c4cdfe20,150,0,S00,,2,0,,
91bc21b0af1a6633bbbe513520380cdd,154,0,S00,,2,0,,
91bc21b0af1a6633bbbe513520380cdd,154,0,S00,,2,0,,
91bc21b0af1a6633bbbe513520380cdd,153,0,S00,,2,0,,
91bc21b0af1a6633bbbe513520380cdd,143,415955,S24,,4,1,,
91bc21b0af1a6633bbbe513520380cdd,143,415955,S24,,4,1,,
9185564d092d516cc6a19ac478437832,152,0,S00,,2,0,,
9185564d092d516cc6a19ac478437832,152,500,S03,,2,0,,
9185564d092d516cc6a19ac478437832,173,454811,S24,,4,1,,
9185564d092d516cc6a19ac478437832,173,325069,S24,,4,1,,
9185564d092d516cc6a19ac478437832,173,7201,S24,,4,1,,
9185564d092d516cc6a19ac478437832,173,195327,S24,,4,1,,
916ddb2e3a43830375d3fa3ddff6d245,162,1200,S22,,2,0,,
916ddb2e3a43830375d3fa3ddff6d245,190,986740,S24,,4,1,,
8f8395dae673fd0a58d56a03762f990c,160,0,S00,,4,1,,
8f8395dae673fd0a58d56a03762f990c,160,6974,S24,,4,1,,
8f49ac75c7646664b1ab0a0e7aa582bf,171,7201,S24,,4,1,,
8e2b1760637847a35740a8c60be74080,174,0,S00,,2,0,,
8e2b1760637847a35740a8c60be74080,174,500,S03,,2,0,,
8e2b1760637847a35740a8c60be74080,171,7201,S24,,4,1,,
8e2b1760637847a35740a8c60be74080,184,986753,S24,,4,1,,
88de7065be623a093d21b6f0a4c1d0f7,90,0,S00,,2,0,,
88de7065be623a093d21b6f0a4c1d0f7,151,7188,S24,,4,1,,
88de7065be623a093d21b6f0a4c1d0f7,151,986740,S24,,4,1,,
88de7065be623a093d21b6f0a4c1d0f7,150,993227,S24,,4,1,,
88d027db96550e78fc4f8edf444e7f40,150,0,S00,,2,0,,
88d027db96550e78fc4f8edf444e7f40,104,414390,S24,,4,1,,
88d027db96550e78fc4f8edf444e7f40,104,414390,S24,,4,1,,
842983a5b63ac5928e36a6abbcd3c269,153,0,S00,,2,0,,
842983a5b63ac5928e36a6abbcd3c269,151,0,S00,,2,0,,
842983a5b63ac5928e36a6abbcd3c269,153,415955,S24,,4,1,,
842983a5b63ac5928e36a6abbcd3c269,154,103989,S24,,4,1,,
842983a5b63ac5928e36a6abbcd3c269,153,103989,S24,,4,1,,
842983a5b63ac5928e36a6abbcd3c269,105,207195,S24,,4,1,,
842983a5b63ac5928e36a6abbcd3c269,112,103989,S24,,4,1,,
842983a5b63ac5928e36a6abbcd3c269,153,103989,S24,,4,1,,
81b1e204246d2aba0dbe9669053b6156,171,7201,S24,,4,1,,
8043eb5be0057cf1e09057c24b91dda3,145,0,S00,,2,0,,
8043eb5be0057cf1e09057c24b91dda3,101,414390,S24,,4,1,,
8043eb5be0057cf1e09057c24b91dda3,101,414390,S24,,4,1,,
7e9eb3f360bd8546afc4095f4a42267e,151,0,S00,,2,0,,
7e9eb3f360bd8546afc4095f4a42267e,172,993240,S24,,4,1,,
7e9eb3f360bd8546afc4095f4a42267e,172,986753,S24,,4,1,,
7e9eb3f360bd8546afc4095f4a42267e,172,999727,S24,,4,1,,
77a49444302091accf95f8495718a987,154,415955,S24,,4,1,,
77a49444302091accf95f8495718a987,154,415955,S24,,4,1,,
75e4b855a8b793b7295f2a6d1c7ac9fd,155,0,S00,,2,0,,
75e4b855a8b793b7295f2a6d1c7ac9fd,152,0,S00,,2,0,,
75e4b855a8b793b7295f2a6d1c7ac9fd,153,0,S00,,2,0,,
75e4b855a8b793b7295f2a6d1c7ac9fd,141,0,S00,,2,0,,
75e4b855a8b793b7295f2a6d1c7ac9fd,155,0,S00,,2,0,,
75e4b855a8b793b7295f2a6d1c7ac9fd,150,0,S00,,2,0,,
74831128b3ff0780ebe19d19d4625a94,152,0,S00,,2,0,,
74831128b3ff0780ebe19d19d4625a94,152,500,S03,,2,0,,
74831128b3ff0780ebe19d19d4625a94,174,201814,S24,,4,1,,
74831128b3ff0780ebe19d19d4625a94,173,454811,S24,,4,1,,
74831128b3ff0780ebe19d19d4625a94,173,208301,S24,,4,1,,
74831128b3ff0780ebe19d19d4625a94,173,325069,S24,,4,1,,
7440956036efe966c4c327e1a3e48885,174,0,S00,,2,0,,
7440956036efe966c4c327e1a3e48885,174,500,S03,,2,0,,
7440956036efe966c4c327e1a3e48885,184,986753,S24,,4,1,,
7440956036efe966c4c327e1a3e48885,171,7201,S24,,4,1,,
7394f486b4e71c3ce0576caa5ab5a90f,150,0,S00,,2,0,,
7394f486b4e71c3ce0576caa5ab5a90f,102,414390,S24,,4,1,,
7394f486b4e71c3ce0576caa5ab5a90f,102,414390,S24,,4,1,,
7394f486b4e71c3ce0576caa5ab5a90f,102,414390,S24,,4,1,,
7179f2007f1a5464ae5c325e0ee06416,150,0,S00,,2,0,,
7179f2007f1a5464ae5c325e0ee06416,102,414390,S24,,4,1,,
7179f2007f1a5464ae5c325e0ee06416,102,414390,S24,,4,1,,
71049400aaaa01e79883dfa5fe3fe413,145,0,S00,,2,0,,
71049400aaaa01e79883dfa5fe3fe413,145,0,S00,,2,0,,
71049400aaaa01e79883dfa5fe3fe413,100,414390,S24,,4,1,,
71049400aaaa01e79883dfa5fe3fe413,100,414390,S24,,4,1,,
70c4aca8e3b1e14bede59770649da825,171,7201,S24,,4,1,,
6ef42a766da011927354c130572082a0,151,0,S00,,2,0,,
6ef42a766da011927354c130572082a0,151,0,S00,,2,0,,
6ef42a766da011927354c130572082a0,104,414390,S24,,4,1,,
6ef42a766da011927354c130572082a0,104,414390,S24,,4,1,,
6ec954ba050058d9ea0beb26cda04536,145,0,S00,,2,0,,
6ec954ba050058d9ea0beb26cda04536,101,414390,S24,,4,1,,
6ec954ba050058d9ea0beb26cda04536,101,414390,S24,,4,1,,
6cf07546f9278b5fd00caa0319507f20,152,0,S00,,2,0,,
6cdce0902b09fdb33bdc3f99a6319609,151,0,S00,,2,0,,
6cdce0902b09fdb33bdc3f99a6319609,165,415955,S24,,4,1,,
6cdce0902b09fdb33bdc3f99a6319609,165,415955,S24,,4,1,,
6c5c43700cc0eb8f8ced0e9865ed5f81,162,986753,S24,,4,1,,
6c5c43700cc0eb8f8ced0e9865ed5f81,162,7201,S24,,4,1,,
6c2cbee3d53e593497df46ceeecc9df5,135,0,S00,,2,0,,
6c2cbee3d53e593497df46ceeecc9df5,135,800,S22,,2,0,,
6c2481491c5ea342ca53acb5ba2f72c7,183,0,S00,,2,0,,
6c2481491c5ea342ca53acb5ba2f72c7,182,1200,S22,,2,0,,
6c2481491c5ea342ca53acb5ba2f72c7,184,1200,S22,,2,0,,
6c2481491c5ea342ca53acb5ba2f72c7,211,986740,S24,,4,1,,
6b949cc794ee41271e2f93795b75f852,153,0,S00,,2,0,,
6b949cc794ee41271e2f93795b75f852,142,415955,S24,,4,1,,
6b949cc794ee41271e2f93795b75f852,142,415955,S24,,4,1,,
69a747a85aed6e74aa2c73383b0e0028,90,0,S00,,2,0,,
69a747a85aed6e74aa2c73383b0e0028,150,986740,S24,,4,1,,
694acaddc0e9508dd786a87f7c67a4d9,174,0,S00,,2,0,,
694acaddc0e9508dd786a87f7c67a4d9,174,500,S03,,2,0,,
694acaddc0e9508dd786a87f7c67a4d9,171,7201,S24,,4,1,,
68bf14b4342cfe9346852bdc2346ccb1,153,0,S00,,2,0,,
68bf14b4342cfe9346852bdc2346ccb1,170,415955,S24,,4,1,,
68bf14b4342cfe9346852bdc2346ccb1,170,415955,S24,,4,1,,
68b19487a71c32027dff432cc1873e20,171,7201,S24,,4,1,,
66e432e50f199a4e2ddbf8a911a97c73,152,0,S00,,2,0,,
66e432e50f199a4e2ddbf8a911a97c73,152,500,S03,,2,0,,
66e432e50f199a4e2ddbf8a911a97c73,174,325069,S24,,4,1,,
66e432e50f199a4e2ddbf8a911a97c73,174,201814,S24,,4,1,,
66e432e50f199a4e2ddbf8a911a97c73,174,454811,S24,,4,1,,
66043e4458646b7b3041f6f034994c23,153,0,S00,,2,0,,
66043e4458646b7b3041f6f034994c23,142,415955,S24,,4,1,,
66043e4458646b7b3041f6f034994c23,142,415955,S24,,4,1,,
659f049c09bba82c244a173ab3c23502,172,0,S00,,2,0,,
64af8b36852557df97e3c9bd3aa1f59c,174,0,S00,,2,0,,
64af8b36852557df97e3c9bd3aa1f59c,174,500,S03,,2,0,,
64af8b36852557df97e3c9bd3aa1f59c,171,7201,S24,,4,1,,
64af8b36852557df97e3c9bd3aa1f59c,184,986753,S24,,4,1,,
6496f9760f0cef795f8d2d47d0635512,120,283570,S31,,2,0,,
642d8a974b8c37f0121caeaf31c86091,172,999727,S24,,4,1,,
635f3f481faa7f491b03bd145e0d1e2e,153,0,S00,,2,0,,
635f3f481faa7f491b03bd145e0d1e2e,142,415955,S24,,4,1,,
635f3f481faa7f491b03bd145e0d1e2e,142,415955,S24,,4,1,,
626d03124929736701a320fe82dc5d60,151,0,S00,,2,0,,
626d03124929736701a320fe82dc5d60,151,0,S00,,2,0,,
626d03124929736701a320fe82dc5d60,142,0,S00,,2,0,,
626d03124929736701a320fe82dc5d60,142,500,S03,,2,0,,
626d03124929736701a320fe82dc5d60,151,500,S03,,2,0,,
6108d426f40e147bb1e2c042374679aa,153,0,S00,,2,0,,
6108d426f40e147bb1e2c042374679aa,153,500,S03,,2,0,,
6108d426f40e147bb1e2c042374679aa,174,325069,S24,,4,1,,
6108d426f40e147bb1e2c042374679aa,174,201814,S24,,4,1,,
6108d426f40e147bb1e2c042374679aa,174,454811,S24,,4,1,,
5fd2fb6b22a0783223274e5c6fe3d426,142,0,S00,,2,0,,
5fd2fb6b22a0783223274e5c6fe3d426,151,0,S00,,2,0,,
5fd2fb6b22a0783223274e5c6fe3d426,142,0,S00,,2,0,,
5fd2fb6b22a0783223274e5c6fe3d426,142,0,S00,,2,0,,
5fd2fb6b22a0783223274e5c6fe3d426,142,500,S03,,2,0,,
5fd2fb6b22a0783223274e5c6fe3d426,151,500,S03,,2,0,,
5fd2fb6b22a0783223274e5c6fe3d426,142,500,S03,,2,0,,
5fc7206def3e91751c4b5abe67022afa,153,0,S00,,2,0,,
5fc7206def3e91751c4b5abe67022afa,153,500,S03,,2,0,,
5fc7206def3e91751c4b5abe67022afa,174,993227,S24,,4,1,,
5a3cd52ce2a27edfacc9779f645d2ff9,164,986740,S24,,4,1,,
5a3cd52ce2a27edfacc9779f645d2ff9,165,980253,S24,,4,1,,
586f5a20b4a17f7b21b76396c30d329c,90,0,S00,,2,0,,
586f5a20b4a17f7b21b76396c30d329c,172,986753,S24,,4,1,,
5806ee53f0e17a92371d6787729e13b2,183,0,S00,,2,0,,
5806ee53f0e17a92371d6787729e13b2,174,0,S00,,2,0,,
5806ee53f0e17a92371d6787729e13b2,183,500,S03,,2,0,,
5806ee53f0e17a92371d6787729e13b2,174,500,S03,,2,0,,
5806ee53f0e17a92371d6787729e13b2,171,7201,S24,,4,1,,
5806ee53f0e17a92371d6787729e13b2,195,986740,S24,,4,1,,
5646e06780e97f5376f85dd947af2656,152,0,S00,,2,0,,
5646e06780e97f5376f85dd947af2656,154,0,S00,,2,0,,
5646e06780e97f5376f85dd947af2656,154,0,S00,,2,0,,
5646e06780e97f5376f85dd947af2656,154,0,S00,,2,0,,
5646e06780e97f5376f85dd947af2656,154,0,S00,,2,0,,
5646e06780e97f5376f85dd947af2656,153,0,S00,,2,0,,
5646e06780e97f5376f85dd947af2656,142,415955,S24,,4,1,,
5646e06780e97f5376f85dd947af2656,155,207978,S24,,4,1,,
5646e06780e97f5376f85dd947af2656,153,207978,S24,,4,1,,
5646e06780e97f5376f85dd947af2656,142,207978,S24,,4,1,,
5646e06780e97f5376f85dd947af2656,154,207978,S24,,4,1,,
525a22f5394f4f983d6e3a11d6a365d5,151,0,S00,,2,0,,
525a22f5394f4f983d6e3a11d6a365d5,102,414390,S24,,4,1,,
525a22f5394f4f983d6e3a11d6a365d5,102,414390,S24,,4,1,,
4f7138ce0c5bd2efc267fbb04a238044,150,0,S00,,2,0,,
4f7138ce0c5bd2efc267fbb04a238044,105,414390,S24,,4,1,,
4f7138ce0c5bd2efc267fbb04a238044,105,414390,S24,,4,1,,
4f220beaad678eae65085f3e30439dec,171,986753,S24,,4,1,,
4eaccd06381d5f0675fde1be30168b9a,152,0,S00,,2,0,,
4eaccd06381d5f0675fde1be30168b9a,152,500,S03,,2,0,,
4eaccd06381d5f0675fde1be30168b9a,173,195327,S24,,4,1,,
4eaccd06381d5f0675fde1be30168b9a,173,454811,S24,,4,1,,
4eaccd06381d5f0675fde1be30168b9a,173,325069,S24,,4,1,,
4eaccd06381d5f0675fde1be30168b9a,173,7201,S24,,4,1,,
4ea748596257b1972a035421bf922a01,161,980253,S24,,4,1,,
4dbb54852bc516a825630452e7b986ba,150,0,S00,,2,0,,
4dbb54852bc516a825630452e7b986ba,105,414390,S24,,4,1,,
4dbb54852bc516a825630452e7b986ba,104,414390,S24,,4,1,,
4cd7209aaf9b0e2e1dc3df2240bf09b2,152,0,S00,,2,0,,
4cd7209aaf9b0e2e1dc3df2240bf09b2,152,500,S03,,2,0,,
4cd7209aaf9b0e2e1dc3df2240bf09b2,173,325069,S24,,4,1,,
4cd7209aaf9b0e2e1dc3df2240bf09b2,173,195327,S24,,4,1,,
4cd7209aaf9b0e2e1dc3df2240bf09b2,173,7201,S24,,4,1,,
4cd7209aaf9b0e2e1dc3df2240bf09b2,173,454811,S24,,4,1,,
495659d6e69fd302847d49b1a8c8a22b,151,0,S00,,2,0,,
495659d6e69fd302847d49b1a8c8a22b,102,414390,S24,,4,1,,
495659d6e69fd302847d49b1a8c8a22b,102,414390,S24,,4,1,,
48f2e88f570f5150e1643cb3dffbc741,173,0,S00,,2,0,,
48357f8253b305036122f866c3e20a27,145,0,S00,,2,0,,
48357f8253b305036122f866c3e20a27,145,0,S00,,2,0,,
48357f8253b305036122f866c3e20a27,100,414390,S24,,4,1,,
48357f8253b305036122f866c3e20a27,100,414390,S24,,4,1,,
4762c68a6296115a73299ea5fe250946,153,0,S00,,2,0,,
4762c68a6296115a73299ea5fe250946,153,500,S03,,2,0,,
4762c68a6296115a73299ea5fe250946,174,993240,S24,,4,1,,
4604c30a226a4b03dd577f2a5b64650d,153,0,S00,,2,0,,
4604c30a226a4b03dd577f2a5b64650d,153,500,S03,,2,0,,
4604c30a226a4b03dd577f2a5b64650d,174,454811,S24,,4,1,,
4604c30a226a4b03dd577f2a5b64650d,174,454811,S24,,4,1,,
4604c30a226a4b03dd577f2a5b64650d,174,72072,S24,,4,1,,
432f8e47a4474ba464ea8ce657e92f55,90,0,S00,,2,0,,
432f8e47a4474ba464ea8ce657e92f55,151,986740,S24,,4,1,,
432f8e47a4474ba464ea8ce657e92f55,151,7188,S24,,4,1,,
4271ff39e2a7101fe4c26b368a1d84c0,153,0,S00,,2,0,,
4271ff39e2a7101fe4c26b368a1d84c0,154,0,S00,,2,0,,
4271ff39e2a7101fe4c26b368a1d84c0,142,415955,S24,,4,1,,
4271ff39e2a7101fe4c26b368a1d84c0,142,415955,S24,,4,1,,
404da2d2e783e17dab6c8f0d89aaf80d,155,0,S00,,2,0,,
404da2d2e783e17dab6c8f0d89aaf80d,170,415955,S24,,4,1,,
404da2d2e783e17dab6c8f0d89aaf80d,170,415955,S24,,4,1,,
3d749593f0a5ff8e7a486007af2c0d52,173,986753,S24,,4,1,,
3d13b52c4dc8fa8c6d93a201d93deca5,151,0,S00,,2,0,,
3d13b52c4dc8fa8c6d93a201d93deca5,165,415955,S24,,4,1,,
3d13b52c4dc8fa8c6d93a201d93deca5,165,415955,S24,,4,1,,
3d0d4156a10300e942915afcb08f943e,153,0,S00,,2,0,,
3d0d4156a10300e942915afcb08f943e,154,0,S00,,2,0,,
3d0d4156a10300e942915afcb08f943e,142,415955,S24,,4,1,,
3d0d4156a10300e942915afcb08f943e,142,415955,S24,,4,1,,
3cd83a32c63814bd18167d94ce4c8aa4,151,0,S00,,2,0,,
3cd83a32c63814bd18167d94ce4c8aa4,151,0,S00,,2,0,,
3cd83a32c63814bd18167d94ce4c8aa4,154,207978,S24,,4,1,,
3cd83a32c63814bd18167d94ce4c8aa4,153,415955,S24,,4,1,,
3cd83a32c63814bd18167d94ce4c8aa4,160,207978,S24,,4,1,,
3a937831addd69fc31dd72f7dccb44ed,152,0,S00,,2,0,,
3a937831addd69fc31dd72f7dccb44ed,152,500,S03,,2,0,,
3a937831addd69fc31dd72f7dccb44ed,173,195327,S24,,4,1,,
3a937831addd69fc31dd72f7dccb44ed,173,325069,S24,,4,1,,
3a937831addd69fc31dd72f7dccb44ed,173,454811,S24,,4,1,,
3a937831addd69fc31dd72f7dccb44ed,183,7201,S24,,4,1,,
3a404f19671dc84d37aa6be999cd2044,171,7201,S24,,4,1,,
38d7cca58973f4fd0af0d6b8df417109,152,0,S00,,2,0,,
36d28dd35222b96d9d0af6c40021d6bd,125,0,S00,,2,0,,
36d28dd35222b96d9d0af6c40021d6bd,125,0,S00,,1,0,,
35f191143583484798553db4ec4dd31b,152,0,S00,,2,0,,
31ca34ee1935b70cc54cc40411354dab,150,0,S00,,2,0,,
31ca34ee1935b70cc54cc40411354dab,103,414390,S24,,4,1,,
31ca34ee1935b70cc54cc40411354dab,103,414390,S24,,4,1,,
31ca34ee1935b70cc54cc40411354dab,103,414390,S24,,4,1,,
3187521e553c9cdb52468b78d2ac38fe,152,0,S00,,2,0,,
3187521e553c9cdb52468b78d2ac38fe,152,500,S03,,2,0,,
3187521e553c9cdb52468b78d2ac38fe,173,325069,S24,,4,1,,
3187521e553c9cdb52468b78d2ac38fe,173,454811,S24,,4,1,,
3187521e553c9cdb52468b78d2ac38fe,173,201814,S24,,4,1,,
308b6b2abb0532648e6431ab907269bc,151,0,S00,,2,0,,
308b6b2abb0532648e6431ab907269bc,151,0,S00,,2,0,,
308b6b2abb0532648e6431ab907269bc,151,500,S03,,2,0,,
308b6b2abb0532648e6431ab907269bc,151,500,S03,,2,0,,
308b6b2abb0532648e6431ab907269bc,172,993240,S24,,4,1,,
3046521746833410e7a29ea864660f38,152,0,S00,,2,0,,
3046521746833410e7a29ea864660f38,152,500,S03,,2,0,,
3046521746833410e7a29ea864660f38,174,195327,S24,,4,1,,
3046521746833410e7a29ea864660f38,174,454811,S24,,4,1,,
3046521746833410e7a29ea864660f38,174,325069,S24,,4,1,,
3046521746833410e7a29ea864660f38,174,7201,S24,,4,1,,
29ffada1c7f876b517648d3df91129d8,171,7201,S24,,4,1,,
29f923c8c6c4ca72f977b565a5916e54,83,414390,S24,,4,1,,
29f754bd3ed99f3dccfcb839ce49d2b2,174,0,S00,,2,0,,
29f754bd3ed99f3dccfcb839ce49d2b2,174,500,S03,,2,0,,
29f754bd3ed99f3dccfcb839ce49d2b2,171,7201,S24,,4,1,,
29c66d179e91887ee7cbc8eb2ef676b0,153,0,S00,,2,0,,
29c66d179e91887ee7cbc8eb2ef676b0,142,415955,S24,,4,1,,
29c66d179e91887ee7cbc8eb2ef676b0,142,415955,S24,,4,1,,
299f2ba0f3f5e832d79b8143e1512816,171,7201,S24,,4,1,,
2912d722c3a52e5d7658b7f9d93a4ce9,171,7201,S24,,4,1,,
2912d722c3a52e5d7658b7f9d93a4ce9,171,7201,S24,,4,1,,
2813645b1b6c62cdea4d70bc79cd5ba0,152,0,S00,,2,0,,
2813645b1b6c62cdea4d70bc79cd5ba0,152,500,S03,,2,0,,
2813645b1b6c62cdea4d70bc79cd5ba0,173,72072,S24,,4,1,,
2813645b1b6c62cdea4d70bc79cd5ba0,173,454811,S24,,4,1,,
2813645b1b6c62cdea4d70bc79cd5ba0,173,454811,S24,,4,1,,
245952f53b6fbd1f4cee78609e710ccf,151,0,S00,,2,0,,
245952f53b6fbd1f4cee78609e710ccf,142,0,S00,,2,0,,
245952f53b6fbd1f4cee78609e710ccf,151,500,S03,,2,0,,
245952f53b6fbd1f4cee78609e710ccf,142,500,S03,,2,0,,
245952f53b6fbd1f4cee78609e710ccf,162,993240,S24,,4,1,,
23eb094c3cc6e706eb9cd0a30c163abe,182,1000,S22,,2,0,,
23eb094c3cc6e706eb9cd0a30c163abe,193,973766,S24,,4,1,,
23b11bae7494fa0e5c4a35f215d0856b,151,0,S00,,2,0,,
23b11bae7494fa0e5c4a35f215d0856b,142,0,S00,,2,0,,
23b11bae7494fa0e5c4a35f215d0856b,142,500,S03,,2,0,,
23b11bae7494fa0e5c4a35f215d0856b,151,500,S03,,2,0,,
2353fa8f746416aeff9bc23f0111f32d,150,0,S00,,2,0,,
2353fa8f746416aeff9bc23f0111f32d,101,414390,S24,,4,1,,
2353fa8f746416aeff9bc23f0111f32d,101,414390,S24,,4,1,,
22e1650eb49ae013ca70be47c3c66914,150,0,S00,,2,0,,
22e1650eb49ae013ca70be47c3c66914,102,414390,S24,,4,1,,
22e1650eb49ae013ca70be47c3c66914,102,414390,S24,,4,1,,
227ca0d4a7af8444e7b3b1eb901b07a5,85,0,S00,,2,0,,
22271316e8b7e522dd89bd91f6f32d44,171,7201,S24,,4,1,,
213d9ad2a16c06258e71bc93139ee242,144,0,S00,,2,0,,
213d9ad2a16c06258e71bc93139ee242,101,414390,S24,,4,1,,
213d9ad2a16c06258e71bc93139ee242,101,414390,S24,,4,1,,
1dd026b547e50002d5cc44de26aaca40,84,414390,S24,,4,1,,
1dd026b547e50002d5cc44de26aaca40,100,414390,S24,,4,1,,
1dadb41ce5747023f19dd3488955c5a6,152,0,S00,,2,0,,
1d5f45491e9be676e38ac9d6c05776f5,142,0,S00,,2,0,,
1d5f45491e9be676e38ac9d6c05776f5,151,0,S00,,2,0,,
1d5f45491e9be676e38ac9d6c05776f5,151,0,S00,,2,0,,
1d5f45491e9be676e38ac9d6c05776f5,151,0,S00,,2,0,,
1d5f45491e9be676e38ac9d6c05776f5,142,500,S03,,2,0,,
1d5f45491e9be676e38ac9d6c05776f5,151,500,S03,,2,0,,
1c7461909ad2e848fe0ab5e0affd847b,174,0,S00,,2,0,,
1c7461909ad2e848fe0ab5e0affd847b,174,500,S03,,2,0,,
1c7461909ad2e848fe0ab5e0affd847b,184,986753,S24,,4,1,,
1c7461909ad2e848fe0ab5e0affd847b,171,7201,S24,,4,1,,
1c4e5b993282b4a9e08cbf38f49920fe,151,0,S00,,2,0,,
1c4e5b993282b4a9e08cbf38f49920fe,161,311966,S24,,4,1,,
1c4e5b993282b4a9e08cbf38f49920fe,165,103989,S24,,4,1,,
1c4e5b993282b4a9e08cbf38f49920fe,165,415955,S24,,4,1,,
1b0aaf2cc34c6d3321cec8f3131cc84b,115,0,S00,,2,0,,
1b0aaf2cc34c6d3321cec8f3131cc84b,115,100000,S24,,2,0,,
1ae8e00a1704293b54e783adcbdd04e4,183,0,S00,,2,0,,
1ae8e00a1704293b54e783adcbdd04e4,193,0,S00,,2,0,,
1ae8e00a1704293b54e783adcbdd04e4,174,0,S00,,2,0,,
1ae8e00a1704293b54e783adcbdd04e4,200,0,S00,,2,0,,
1ae8e00a1704293b54e783adcbdd04e4,174,500,S03,,2,0,,
1ae8e00a1704293b54e783adcbdd04e4,193,500,S03,,2,0,,
1ae8e00a1704293b54e783adcbdd04e4,183,500,S03,,2,0,,
1ae8e00a1704293b54e783adcbdd04e4,171,7201,S24,,4,1,,
19fd067bb00914028c88674d57de2224,150,0,S00,,2,0,,
19fd067bb00914028c88674d57de2224,105,414390,S24,,4,1,,
19fd067bb00914028c88674d57de2224,105,414390,S24,,4,1,,
17002cca434f45b8734be7ec9052851e,90,0,S00,,2,0,,
17002cca434f45b8734be7ec9052851e,131,993240,S24,,4,1,,
14a18b5e92a6e5ac33a1adeecf842b93,145,0,S00,,2,0,,
14a18b5e92a6e5ac33a1adeecf842b93,102,414390,S24,,4,1,,
14a18b5e92a6e5ac33a1adeecf842b93,102,414390,S24,,4,1,,
119135b9ee7a095c9c886642c10f9c15,174,0,S00,,2,0,,
119135b9ee7a095c9c886642c10f9c15,174,500,S03,,2,0,,
119135b9ee7a095c9c886642c10f9c15,171,7201,S24,,4,1,,
0fce1530f630e50fcaad3e9dc31d9955,83,414390,S24,,4,1,,
0ec75fae11651e7659e64de048099e87,152,980253,S24,,4,1,,
0dfcdfbc276e3ab383a395e9320a6c70,171,7201,S24,,4,1,,
0b958af95c9aba4f8857fb75f5d1b4d1,160,0,S00,,4,1,,
09bbdb40d9399ee0cf56ffa45949df4c,145,0,S00,,2,0,,
09bbdb40d9399ee0cf56ffa45949df4c,102,414390,S24,,4,1,,
09bbdb40d9399ee0cf56ffa45949df4c,102,414390,S24,,4,1,,
08b589b5cbe76fbe0d401c947d6e63ff,183,0,S00,,2,0,,
08b589b5cbe76fbe0d401c947d6e63ff,174,0,S00,,2,0,,
08b589b5cbe76fbe0d401c947d6e63ff,183,500,S03,,2,0,,
08b589b5cbe76fbe0d401c947d6e63ff,174,500,S03,,2,0,,
08b589b5cbe76fbe0d401c947d6e63ff,171,7201,S24,,4,1,,
08b589b5cbe76fbe0d401c947d6e63ff,201,986753,S24,,4,1,,
05aa7ed12511dcf19b2a1a386ecebf83,171,7201,S24,,4,1,,
04c2bec8b7836db6c0b4cefd20aabdee,90,0,S00,,2,0,,
04c2bec8b7836db6c0b4cefd20aabdee,172,986753,S24,,4,1,,
0135fa2d321f42cbb65d5e5f6e5a0d25,144,0,S00,,2,0,,
0135fa2d321f42cbb65d5e5f6e5a0d25,101,414390,S24,,4,1,,
0135fa2d321f42cbb65d5e5f6e5a0d25,101,414390,S24,,4,1,,
